level,rule_id,dimension,aspect,A,B
instance,G000004,Situation Fidelity,Situation Fidelity,5,5
instance,G000004,Rule Fidelity,Rule Fidelity,5,5
instance,G000004,Commonsense Validity,Instance-level commonsense rules,5,5
instance,G000008,Situation Fidelity,Situation Fidelity,5,5
instance,G000008,Rule Fidelity,Rule Fidelity,5,5
instance,G000008,Commonsense Validity,Instance-level commonsense rules,5,5
instance,G000013,Situation Fidelity,Situation Fidelity,5,5
instance,G000013,Rule Fidelity,Rule Fidelity,5,5
instance,G000013,Commonsense Validity,Instance-level commonsense rules,4,4
instance,G000017,Situation Fidelity,Situation Fidelity,5,5
instance,G000017,Rule Fidelity,Rule Fidelity,5,5
instance,G000017,Commonsense Validity,Instance-level commonsense rules,5,5
instance,G000022,Situation Fidelity,Situation Fidelity,5,5
instance,G000022,Rule Fidelity,Rule Fidelity,5,5
instance,G000022,Commonsense Validity,Instance-level commonsense rules,4,5
instance,G000023,Situation Fidelity,Situation Fidelity,5,5
instance,G000023,Rule Fidelity,Rule Fidelity,5,5
instance,G000023,Commonsense Validity,Instance-level commonsense rules,5,5
instance,G000027,Situation Fidelity,Situation Fidelity,5,5
instance,G000027,Rule Fidelity,Rule Fidelity,5,5
instance,G000027,Commonsense Validity,Instance-level commonsense rules,5,5
instance,G000030,Situation Fidelity,Situation Fidelity,5,5
instance,G000030,Rule Fidelity,Rule Fidelity,5,5
instance,G000030,Commonsense Validity,Instance-level commonsense rules,4,5
instance,G000034,Situation Fidelity,Situation Fidelity,5,5
instance,G000034,Rule Fidelity,Rule Fidelity,5,5
instance,G000034,Commonsense Validity,Instance-level commonsense rules,4,5
instance,G000035,Situation Fidelity,Situation Fidelity,5,5
instance,G000035,Rule Fidelity,Rule Fidelity,5,5
instance,G000035,Commonsense Validity,Instance-level commonsense rules,4,3
instance,G000040,Situation Fidelity,Situation Fidelity,5,5
instance,G000040,Rule Fidelity,Rule Fidelity,5,5
instance,G000040,Commonsense Validity,Instance-level commonsense rules,4,4
instance,G000043,Situation Fidelity,Situation Fidelity,5,5
instance,G000043,Rule Fidelity,Rule Fidelity,5,5
instance,G000043,Commonsense Validity,Instance-level commonsense rules,4,4
instance,G000064,Situation Fidelity,Situation Fidelity,5,5
instance,G000064,Rule Fidelity,Rule Fidelity,5,5
instance,G000064,Commonsense Validity,Instance-level commonsense rules,4,4
instance,G000068,Situation Fidelity,Situation Fidelity,5,5
instance,G000068,Rule Fidelity,Rule Fidelity,5,5
instance,G000068,Commonsense Validity,Instance-level commonsense rules,5,5
instance,G000074,Situation Fidelity,Situation Fidelity,5,5
instance,G000074,Rule Fidelity,Rule Fidelity,5,5
instance,G000074,Commonsense Validity,Instance-level commonsense rules,5,4
instance,G000083,Situation Fidelity,Situation Fidelity,5,5
instance,G000083,Rule Fidelity,Rule Fidelity,5,5
instance,G000083,Commonsense Validity,Instance-level commonsense rules,4,5
instance,G000084,Situation Fidelity,Situation Fidelity,5,5
instance,G000084,Rule Fidelity,Rule Fidelity,5,5
instance,G000084,Commonsense Validity,Instance-level commonsense rules,4,5
instance,G000085,Situation Fidelity,Situation Fidelity,5,5
instance,G000085,Rule Fidelity,Rule Fidelity,5,5
instance,G000085,Commonsense Validity,Instance-level commonsense rules,4,5
instance,G000099,Situation Fidelity,Situation Fidelity,5,5
instance,G000099,Rule Fidelity,Rule Fidelity,5,5
instance,G000099,Commonsense Validity,Instance-level commonsense rules,4,5
instance,G000106,Situation Fidelity,Situation Fidelity,5,5
instance,G000106,Rule Fidelity,Rule Fidelity,5,5
instance,G000106,Commonsense Validity,Instance-level commonsense rules,4,4
instance,G000111,Situation Fidelity,Situation Fidelity,5,5
instance,G000111,Rule Fidelity,Rule Fidelity,5,5
instance,G000111,Commonsense Validity,Instance-level commonsense rules,4,4
instance,G000112,Situation Fidelity,Situation Fidelity,5,5
instance,G000112,Rule Fidelity,Rule Fidelity,5,5
instance,G000112,Commonsense Validity,Instance-level commonsense rules,3,3
instance,G000115,Situation Fidelity,Situation Fidelity,5,5
instance,G000115,Rule Fidelity,Rule Fidelity,5,5
instance,G000115,Commonsense Validity,Instance-level commonsense rules,4,4
instance,G000116,Situation Fidelity,Situation Fidelity,5,5
instance,G000116,Rule Fidelity,Rule Fidelity,5,5
instance,G000116,Commonsense Validity,Instance-level commonsense rules,4,4
instance,G000122,Situation Fidelity,Situation Fidelity,5,5
instance,G000122,Rule Fidelity,Rule Fidelity,5,5
instance,G000122,Commonsense Validity,Instance-level commonsense rules,5,4
instance,G000123,Situation Fidelity,Situation Fidelity,5,5
instance,G000123,Rule Fidelity,Rule Fidelity,5,5
instance,G000123,Commonsense Validity,Instance-level commonsense rules,4,4
instance,G000129,Situation Fidelity,Situation Fidelity,5,5
instance,G000129,Rule Fidelity,Rule Fidelity,5,5
instance,G000129,Commonsense Validity,Instance-level commonsense rules,5,4
instance,G000137,Situation Fidelity,Situation Fidelity,5,5
instance,G000137,Rule Fidelity,Rule Fidelity,5,5
instance,G000137,Commonsense Validity,Instance-level commonsense rules,4,4
instance,G000154,Situation Fidelity,Situation Fidelity,5,5
instance,G000154,Rule Fidelity,Rule Fidelity,5,5
instance,G000154,Commonsense Validity,Instance-level commonsense rules,4,4
instance,G000158,Situation Fidelity,Situation Fidelity,5,5
instance,G000158,Rule Fidelity,Rule Fidelity,5,5
instance,G000158,Commonsense Validity,Instance-level commonsense rules,5,4
instance,G000176,Situation Fidelity,Situation Fidelity,5,5
instance,G000176,Rule Fidelity,Rule Fidelity,5,5
instance,G000176,Commonsense Validity,Instance-level commonsense rules,3,3
instance,G000189,Situation Fidelity,Situation Fidelity,5,5
instance,G000189,Rule Fidelity,Rule Fidelity,5,5
instance,G000189,Commonsense Validity,Instance-level commonsense rules,3,4
instance,G000194,Situation Fidelity,Situation Fidelity,5,5
instance,G000194,Rule Fidelity,Rule Fidelity,5,5
instance,G000194,Commonsense Validity,Instance-level commonsense rules,5,5
instance,G000197,Situation Fidelity,Situation Fidelity,5,5
instance,G000197,Rule Fidelity,Rule Fidelity,4,5
instance,G000197,Commonsense Validity,Instance-level commonsense rules,5,5
instance,G000206,Situation Fidelity,Situation Fidelity,5,5
instance,G000206,Rule Fidelity,Rule Fidelity,5,5
instance,G000206,Commonsense Validity,Instance-level commonsense rules,5,5
instance,G000224,Situation Fidelity,Situation Fidelity,5,5
instance,G000224,Rule Fidelity,Rule Fidelity,5,5
instance,G000224,Commonsense Validity,Instance-level commonsense rules,3,4
instance,G000226,Situation Fidelity,Situation Fidelity,5,5
instance,G000226,Rule Fidelity,Rule Fidelity,5,5
instance,G000226,Commonsense Validity,Instance-level commonsense rules,5,5
instance,G000230,Situation Fidelity,Situation Fidelity,5,5
instance,G000230,Rule Fidelity,Rule Fidelity,5,5
instance,G000230,Commonsense Validity,Instance-level commonsense rules,3,4
instance,G000236,Situation Fidelity,Situation Fidelity,5,5
instance,G000236,Rule Fidelity,Rule Fidelity,5,5
instance,G000236,Commonsense Validity,Instance-level commonsense rules,4,4
instance,G000241,Situation Fidelity,Situation Fidelity,5,5
instance,G000241,Rule Fidelity,Rule Fidelity,5,5
instance,G000241,Commonsense Validity,Instance-level commonsense rules,5,5
instance,G000242,Situation Fidelity,Situation Fidelity,5,5
instance,G000242,Rule Fidelity,Rule Fidelity,5,5
instance,G000242,Commonsense Validity,Instance-level commonsense rules,4,4
instance,G000248,Situation Fidelity,Situation Fidelity,5,5
instance,G000248,Rule Fidelity,Rule Fidelity,5,5
instance,G000248,Commonsense Validity,Instance-level commonsense rules,5,5
instance,G000252,Situation Fidelity,Situation Fidelity,5,5
instance,G000252,Rule Fidelity,Rule Fidelity,5,5
instance,G000252,Commonsense Validity,Instance-level commonsense rules,5,5
instance,G000255,Situation Fidelity,Situation Fidelity,5,5
instance,G000255,Rule Fidelity,Rule Fidelity,5,5
instance,G000255,Commonsense Validity,Instance-level commonsense rules,4,4
instance,G000267,Situation Fidelity,Situation Fidelity,5,5
instance,G000267,Rule Fidelity,Rule Fidelity,5,5
instance,G000267,Commonsense Validity,Instance-level commonsense rules,5,5
instance,G000269,Situation Fidelity,Situation Fidelity,5,5
instance,G000269,Rule Fidelity,Rule Fidelity,5,5
instance,G000269,Commonsense Validity,Instance-level commonsense rules,5,4
instance,G000270,Situation Fidelity,Situation Fidelity,5,5
instance,G000270,Rule Fidelity,Rule Fidelity,5,5
instance,G000270,Commonsense Validity,Instance-level commonsense rules,5,5
instance,G000275,Situation Fidelity,Situation Fidelity,5,5
instance,G000275,Rule Fidelity,Rule Fidelity,5,5
instance,G000275,Commonsense Validity,Instance-level commonsense rules,5,5
instance,G000276,Situation Fidelity,Situation Fidelity,5,5
instance,G000276,Rule Fidelity,Rule Fidelity,5,5
instance,G000276,Commonsense Validity,Instance-level commonsense rules,5,5
instance,G000283,Situation Fidelity,Situation Fidelity,4,4
instance,G000283,Rule Fidelity,Rule Fidelity,4,4
instance,G000283,Commonsense Validity,Instance-level commonsense rules,5,5
instance,G000288,Situation Fidelity,Situation Fidelity,5,5
instance,G000288,Rule Fidelity,Rule Fidelity,5,5
instance,G000288,Commonsense Validity,Instance-level commonsense rules,4,4
instance,G000291,Situation Fidelity,Situation Fidelity,5,5
instance,G000291,Rule Fidelity,Rule Fidelity,5,5
instance,G000291,Commonsense Validity,Instance-level commonsense rules,5,5
instance,G000294,Situation Fidelity,Situation Fidelity,5,5
instance,G000294,Rule Fidelity,Rule Fidelity,5,5
instance,G000294,Commonsense Validity,Instance-level commonsense rules,5,5
instance,G000295,Situation Fidelity,Situation Fidelity,5,5
instance,G000295,Rule Fidelity,Rule Fidelity,5,5
instance,G000295,Commonsense Validity,Instance-level commonsense rules,5,5
instance,G000296,Situation Fidelity,Situation Fidelity,5,5
instance,G000296,Rule Fidelity,Rule Fidelity,5,5
instance,G000296,Commonsense Validity,Instance-level commonsense rules,5,5
instance,G000301,Situation Fidelity,Situation Fidelity,5,5
instance,G000301,Rule Fidelity,Rule Fidelity,5,5
instance,G000301,Commonsense Validity,Instance-level commonsense rules,5,5
instance,G000304,Situation Fidelity,Situation Fidelity,5,5
instance,G000304,Rule Fidelity,Rule Fidelity,5,5
instance,G000304,Commonsense Validity,Instance-level commonsense rules,5,4
instance,G000310,Situation Fidelity,Situation Fidelity,5,5
instance,G000310,Rule Fidelity,Rule Fidelity,5,5
instance,G000310,Commonsense Validity,Instance-level commonsense rules,4,4
instance,G000316,Situation Fidelity,Situation Fidelity,5,5
instance,G000316,Rule Fidelity,Rule Fidelity,5,5
instance,G000316,Commonsense Validity,Instance-level commonsense rules,3,3
instance,G000320,Situation Fidelity,Situation Fidelity,5,5
instance,G000320,Rule Fidelity,Rule Fidelity,5,5
instance,G000320,Commonsense Validity,Instance-level commonsense rules,4,5
instance,G000332,Situation Fidelity,Situation Fidelity,5,5
instance,G000332,Rule Fidelity,Rule Fidelity,5,5
instance,G000332,Commonsense Validity,Instance-level commonsense rules,4,4
instance,G000342,Situation Fidelity,Situation Fidelity,5,5
instance,G000342,Rule Fidelity,Rule Fidelity,5,5
instance,G000342,Commonsense Validity,Instance-level commonsense rules,5,5
instance,G000356,Situation Fidelity,Situation Fidelity,5,5
instance,G000356,Rule Fidelity,Rule Fidelity,5,5
instance,G000356,Commonsense Validity,Instance-level commonsense rules,4,4
instance,G000358,Situation Fidelity,Situation Fidelity,5,5
instance,G000358,Rule Fidelity,Rule Fidelity,5,5
instance,G000358,Commonsense Validity,Instance-level commonsense rules,4,3
instance,G000366,Situation Fidelity,Situation Fidelity,5,5
instance,G000366,Rule Fidelity,Rule Fidelity,5,5
instance,G000366,Commonsense Validity,Instance-level commonsense rules,5,5
instance,G000367,Situation Fidelity,Situation Fidelity,5,5
instance,G000367,Rule Fidelity,Rule Fidelity,5,5
instance,G000367,Commonsense Validity,Instance-level commonsense rules,3,4
instance,G000369,Situation Fidelity,Situation Fidelity,5,5
instance,G000369,Rule Fidelity,Rule Fidelity,5,5
instance,G000369,Commonsense Validity,Instance-level commonsense rules,5,5
instance,G000380,Situation Fidelity,Situation Fidelity,5,5
instance,G000380,Rule Fidelity,Rule Fidelity,5,5
instance,G000380,Commonsense Validity,Instance-level commonsense rules,4,3
instance,G000382,Situation Fidelity,Situation Fidelity,5,5
instance,G000382,Rule Fidelity,Rule Fidelity,5,5
instance,G000382,Commonsense Validity,Instance-level commonsense rules,5,4
instance,G000383,Situation Fidelity,Situation Fidelity,5,5
instance,G000383,Rule Fidelity,Rule Fidelity,5,5
instance,G000383,Commonsense Validity,Instance-level commonsense rules,4,4
instance,G000384,Situation Fidelity,Situation Fidelity,5,5
instance,G000384,Rule Fidelity,Rule Fidelity,5,5
instance,G000384,Commonsense Validity,Instance-level commonsense rules,4,4
instance,G000385,Situation Fidelity,Situation Fidelity,5,5
instance,G000385,Rule Fidelity,Rule Fidelity,4,5
instance,G000385,Commonsense Validity,Instance-level commonsense rules,5,5
instance,G000390,Situation Fidelity,Situation Fidelity,5,5
instance,G000390,Rule Fidelity,Rule Fidelity,5,5
instance,G000390,Commonsense Validity,Instance-level commonsense rules,4,4
instance,G000395,Situation Fidelity,Situation Fidelity,5,5
instance,G000395,Rule Fidelity,Rule Fidelity,5,5
instance,G000395,Commonsense Validity,Instance-level commonsense rules,5,5
instance,G000399,Situation Fidelity,Situation Fidelity,5,5
instance,G000399,Rule Fidelity,Rule Fidelity,5,5
instance,G000399,Commonsense Validity,Instance-level commonsense rules,4,5
instance,G000400,Situation Fidelity,Situation Fidelity,5,5
instance,G000400,Rule Fidelity,Rule Fidelity,5,5
instance,G000400,Commonsense Validity,Instance-level commonsense rules,5,5
instance,G000415,Situation Fidelity,Situation Fidelity,5,5
instance,G000415,Rule Fidelity,Rule Fidelity,5,5
instance,G000415,Commonsense Validity,Instance-level commonsense rules,5,5
instance,G000423,Situation Fidelity,Situation Fidelity,5,5
instance,G000423,Rule Fidelity,Rule Fidelity,5,5
instance,G000423,Commonsense Validity,Instance-level commonsense rules,5,5
instance,G000427,Situation Fidelity,Situation Fidelity,5,5
instance,G000427,Rule Fidelity,Rule Fidelity,5,5
instance,G000427,Commonsense Validity,Instance-level commonsense rules,5,5
instance,G000428,Situation Fidelity,Situation Fidelity,5,5
instance,G000428,Rule Fidelity,Rule Fidelity,5,5
instance,G000428,Commonsense Validity,Instance-level commonsense rules,5,4
instance,G000429,Situation Fidelity,Situation Fidelity,5,5
instance,G000429,Rule Fidelity,Rule Fidelity,5,5
instance,G000429,Commonsense Validity,Instance-level commonsense rules,4,5
instance,G000430,Situation Fidelity,Situation Fidelity,5,5
instance,G000430,Rule Fidelity,Rule Fidelity,5,5
instance,G000430,Commonsense Validity,Instance-level commonsense rules,5,5
instance,G000436,Situation Fidelity,Situation Fidelity,4,4
instance,G000436,Rule Fidelity,Rule Fidelity,4,4
instance,G000436,Commonsense Validity,Instance-level commonsense rules,4,4
instance,G000438,Situation Fidelity,Situation Fidelity,5,4
instance,G000438,Rule Fidelity,Rule Fidelity,5,4
instance,G000438,Commonsense Validity,Instance-level commonsense rules,5,5
instance,G000453,Situation Fidelity,Situation Fidelity,5,5
instance,G000453,Rule Fidelity,Rule Fidelity,5,5
instance,G000453,Commonsense Validity,Instance-level commonsense rules,5,4
instance,G000462,Situation Fidelity,Situation Fidelity,5,5
instance,G000462,Rule Fidelity,Rule Fidelity,5,5
instance,G000462,Commonsense Validity,Instance-level commonsense rules,5,5
instance,G000468,Situation Fidelity,Situation Fidelity,5,5
instance,G000468,Rule Fidelity,Rule Fidelity,5,5
instance,G000468,Commonsense Validity,Instance-level commonsense rules,5,5
instance,G000471,Situation Fidelity,Situation Fidelity,5,5
instance,G000471,Rule Fidelity,Rule Fidelity,5,5
instance,G000471,Commonsense Validity,Instance-level commonsense rules,3,4
instance,G000472,Situation Fidelity,Situation Fidelity,5,5
instance,G000472,Rule Fidelity,Rule Fidelity,5,5
instance,G000472,Commonsense Validity,Instance-level commonsense rules,4,4
instance,G000474,Situation Fidelity,Situation Fidelity,5,5
instance,G000474,Rule Fidelity,Rule Fidelity,5,5
instance,G000474,Commonsense Validity,Instance-level commonsense rules,4,4
instance,G000475,Situation Fidelity,Situation Fidelity,5,5
instance,G000475,Rule Fidelity,Rule Fidelity,5,5
instance,G000475,Commonsense Validity,Instance-level commonsense rules,4,4
instance,G000480,Situation Fidelity,Situation Fidelity,5,5
instance,G000480,Rule Fidelity,Rule Fidelity,5,5
instance,G000480,Commonsense Validity,Instance-level commonsense rules,4,5
instance,G000487,Situation Fidelity,Situation Fidelity,5,5
instance,G000487,Rule Fidelity,Rule Fidelity,5,5
instance,G000487,Commonsense Validity,Instance-level commonsense rules,5,5
instance,G000489,Situation Fidelity,Situation Fidelity,5,5
instance,G000489,Rule Fidelity,Rule Fidelity,5,5
instance,G000489,Commonsense Validity,Instance-level commonsense rules,5,5
instance,G000506,Situation Fidelity,Situation Fidelity,5,5
instance,G000506,Rule Fidelity,Rule Fidelity,5,5
instance,G000506,Commonsense Validity,Instance-level commonsense rules,3,3
instance,G000507,Situation Fidelity,Situation Fidelity,5,5
instance,G000507,Rule Fidelity,Rule Fidelity,5,5
instance,G000507,Commonsense Validity,Instance-level commonsense rules,4,4
instance,G000516,Situation Fidelity,Situation Fidelity,5,5
instance,G000516,Rule Fidelity,Rule Fidelity,5,5
instance,G000516,Commonsense Validity,Instance-level commonsense rules,4,4
instance,G000517,Situation Fidelity,Situation Fidelity,5,5
instance,G000517,Rule Fidelity,Rule Fidelity,5,5
instance,G000517,Commonsense Validity,Instance-level commonsense rules,5,5
instance,G000520,Situation Fidelity,Situation Fidelity,5,5
instance,G000520,Rule Fidelity,Rule Fidelity,5,5
instance,G000520,Commonsense Validity,Instance-level commonsense rules,4,4
instance,G000521,Situation Fidelity,Situation Fidelity,5,5
instance,G000521,Rule Fidelity,Rule Fidelity,5,5
instance,G000521,Commonsense Validity,Instance-level commonsense rules,4,4
instance,G000525,Situation Fidelity,Situation Fidelity,5,5
instance,G000525,Rule Fidelity,Rule Fidelity,5,5
instance,G000525,Commonsense Validity,Instance-level commonsense rules,5,4
instance,G000528,Situation Fidelity,Situation Fidelity,5,5
instance,G000528,Rule Fidelity,Rule Fidelity,5,5
instance,G000528,Commonsense Validity,Instance-level commonsense rules,5,5
instance,G000530,Situation Fidelity,Situation Fidelity,4,4
instance,G000530,Rule Fidelity,Rule Fidelity,4,4
instance,G000530,Commonsense Validity,Instance-level commonsense rules,5,5
instance,G000531,Situation Fidelity,Situation Fidelity,5,5
instance,G000531,Rule Fidelity,Rule Fidelity,5,5
instance,G000531,Commonsense Validity,Instance-level commonsense rules,5,5
instance,G000533,Situation Fidelity,Situation Fidelity,5,5
instance,G000533,Rule Fidelity,Rule Fidelity,5,5
instance,G000533,Commonsense Validity,Instance-level commonsense rules,5,5
instance,G000535,Situation Fidelity,Situation Fidelity,5,5
instance,G000535,Rule Fidelity,Rule Fidelity,5,5
instance,G000535,Commonsense Validity,Instance-level commonsense rules,4,4
instance,G000538,Situation Fidelity,Situation Fidelity,5,5
instance,G000538,Rule Fidelity,Rule Fidelity,5,5
instance,G000538,Commonsense Validity,Instance-level commonsense rules,5,5
instance,G000553,Situation Fidelity,Situation Fidelity,5,5
instance,G000553,Rule Fidelity,Rule Fidelity,5,5
instance,G000553,Commonsense Validity,Instance-level commonsense rules,5,5
instance,G000555,Situation Fidelity,Situation Fidelity,5,5
instance,G000555,Rule Fidelity,Rule Fidelity,5,5
instance,G000555,Commonsense Validity,Instance-level commonsense rules,4,5
instance,G000558,Situation Fidelity,Situation Fidelity,5,5
instance,G000558,Rule Fidelity,Rule Fidelity,5,5
instance,G000558,Commonsense Validity,Instance-level commonsense rules,5,5
instance,G000567,Situation Fidelity,Situation Fidelity,5,5
instance,G000567,Rule Fidelity,Rule Fidelity,5,5
instance,G000567,Commonsense Validity,Instance-level commonsense rules,3,4
instance,G000583,Situation Fidelity,Situation Fidelity,5,5
instance,G000583,Rule Fidelity,Rule Fidelity,5,5
instance,G000583,Commonsense Validity,Instance-level commonsense rules,5,4
instance,G000595,Situation Fidelity,Situation Fidelity,5,5
instance,G000595,Rule Fidelity,Rule Fidelity,5,5
instance,G000595,Commonsense Validity,Instance-level commonsense rules,5,5
instance,G000597,Situation Fidelity,Situation Fidelity,5,5
instance,G000597,Rule Fidelity,Rule Fidelity,5,5
instance,G000597,Commonsense Validity,Instance-level commonsense rules,5,5
instance,G000606,Situation Fidelity,Situation Fidelity,5,5
instance,G000606,Rule Fidelity,Rule Fidelity,5,5
instance,G000606,Commonsense Validity,Instance-level commonsense rules,5,5
instance,G000615,Situation Fidelity,Situation Fidelity,5,5
instance,G000615,Rule Fidelity,Rule Fidelity,5,5
instance,G000615,Commonsense Validity,Instance-level commonsense rules,4,4
instance,G000616,Situation Fidelity,Situation Fidelity,5,5
instance,G000616,Rule Fidelity,Rule Fidelity,5,5
instance,G000616,Commonsense Validity,Instance-level commonsense rules,4,5
instance,G000622,Situation Fidelity,Situation Fidelity,5,5
instance,G000622,Rule Fidelity,Rule Fidelity,5,5
instance,G000622,Commonsense Validity,Instance-level commonsense rules,5,5
instance,G000631,Situation Fidelity,Situation Fidelity,5,5
instance,G000631,Rule Fidelity,Rule Fidelity,5,5
instance,G000631,Commonsense Validity,Instance-level commonsense rules,5,4
instance,G000633,Situation Fidelity,Situation Fidelity,4,4
instance,G000633,Rule Fidelity,Rule Fidelity,4,4
instance,G000633,Commonsense Validity,Instance-level commonsense rules,5,5
instance,G000644,Situation Fidelity,Situation Fidelity,5,5
instance,G000644,Rule Fidelity,Rule Fidelity,5,5
instance,G000644,Commonsense Validity,Instance-level commonsense rules,5,5
instance,G000664,Situation Fidelity,Situation Fidelity,5,5
instance,G000664,Rule Fidelity,Rule Fidelity,5,5
instance,G000664,Commonsense Validity,Instance-level commonsense rules,5,5
instance,G000675,Situation Fidelity,Situation Fidelity,5,5
instance,G000675,Rule Fidelity,Rule Fidelity,5,5
instance,G000675,Commonsense Validity,Instance-level commonsense rules,4,4
instance,G000676,Situation Fidelity,Situation Fidelity,5,5
instance,G000676,Rule Fidelity,Rule Fidelity,5,5
instance,G000676,Commonsense Validity,Instance-level commonsense rules,4,4
instance,G000677,Situation Fidelity,Situation Fidelity,5,5
instance,G000677,Rule Fidelity,Rule Fidelity,5,5
instance,G000677,Commonsense Validity,Instance-level commonsense rules,4,4
instance,G000681,Situation Fidelity,Situation Fidelity,5,5
instance,G000681,Rule Fidelity,Rule Fidelity,5,5
instance,G000681,Commonsense Validity,Instance-level commonsense rules,3,4
instance,G000690,Situation Fidelity,Situation Fidelity,5,5
instance,G000690,Rule Fidelity,Rule Fidelity,5,5
instance,G000690,Commonsense Validity,Instance-level commonsense rules,5,5
instance,G000697,Situation Fidelity,Situation Fidelity,5,5
instance,G000697,Rule Fidelity,Rule Fidelity,5,5
instance,G000697,Commonsense Validity,Instance-level commonsense rules,3,4
instance,G000703,Situation Fidelity,Situation Fidelity,5,5
instance,G000703,Rule Fidelity,Rule Fidelity,5,5
instance,G000703,Commonsense Validity,Instance-level commonsense rules,4,4
instance,G000704,Situation Fidelity,Situation Fidelity,5,5
instance,G000704,Rule Fidelity,Rule Fidelity,5,5
instance,G000704,Commonsense Validity,Instance-level commonsense rules,4,5
instance,G000712,Situation Fidelity,Situation Fidelity,4,5
instance,G000712,Rule Fidelity,Rule Fidelity,4,5
instance,G000712,Commonsense Validity,Instance-level commonsense rules,5,5
instance,G000724,Situation Fidelity,Situation Fidelity,5,5
instance,G000724,Rule Fidelity,Rule Fidelity,5,5
instance,G000724,Commonsense Validity,Instance-level commonsense rules,5,5
instance,G000731,Situation Fidelity,Situation Fidelity,5,5
instance,G000731,Rule Fidelity,Rule Fidelity,5,5
instance,G000731,Commonsense Validity,Instance-level commonsense rules,4,5
instance,G000734,Situation Fidelity,Situation Fidelity,5,5
instance,G000734,Rule Fidelity,Rule Fidelity,5,5
instance,G000734,Commonsense Validity,Instance-level commonsense rules,5,5
instance,G000747,Situation Fidelity,Situation Fidelity,5,5
instance,G000747,Rule Fidelity,Rule Fidelity,5,5
instance,G000747,Commonsense Validity,Instance-level commonsense rules,5,5
instance,G000761,Situation Fidelity,Situation Fidelity,5,5
instance,G000761,Rule Fidelity,Rule Fidelity,5,5
instance,G000761,Commonsense Validity,Instance-level commonsense rules,3,4
instance,G000781,Situation Fidelity,Situation Fidelity,5,5
instance,G000781,Rule Fidelity,Rule Fidelity,5,5
instance,G000781,Commonsense Validity,Instance-level commonsense rules,5,5
instance,G000783,Situation Fidelity,Situation Fidelity,5,5
instance,G000783,Rule Fidelity,Rule Fidelity,5,5
instance,G000783,Commonsense Validity,Instance-level commonsense rules,5,5
instance,G000784,Situation Fidelity,Situation Fidelity,5,5
instance,G000784,Rule Fidelity,Rule Fidelity,5,5
instance,G000784,Commonsense Validity,Instance-level commonsense rules,5,5
instance,G000790,Situation Fidelity,Situation Fidelity,5,5
instance,G000790,Rule Fidelity,Rule Fidelity,5,5
instance,G000790,Commonsense Validity,Instance-level commonsense rules,5,5
instance,G000791,Situation Fidelity,Situation Fidelity,5,5
instance,G000791,Rule Fidelity,Rule Fidelity,5,5
instance,G000791,Commonsense Validity,Instance-level commonsense rules,5,5
instance,G000793,Situation Fidelity,Situation Fidelity,4,4
instance,G000793,Rule Fidelity,Rule Fidelity,4,4
instance,G000793,Commonsense Validity,Instance-level commonsense rules,4,4
instance,G000797,Situation Fidelity,Situation Fidelity,5,5
instance,G000797,Rule Fidelity,Rule Fidelity,5,5
instance,G000797,Commonsense Validity,Instance-level commonsense rules,4,4
instance,G000803,Situation Fidelity,Situation Fidelity,5,5
instance,G000803,Rule Fidelity,Rule Fidelity,5,5
instance,G000803,Commonsense Validity,Instance-level commonsense rules,5,5
instance,G000811,Situation Fidelity,Situation Fidelity,4,4
instance,G000811,Rule Fidelity,Rule Fidelity,4,4
instance,G000811,Commonsense Validity,Instance-level commonsense rules,4,4
instance,G000814,Situation Fidelity,Situation Fidelity,5,5
instance,G000814,Rule Fidelity,Rule Fidelity,5,5
instance,G000814,Commonsense Validity,Instance-level commonsense rules,5,5
instance,G000824,Situation Fidelity,Situation Fidelity,5,5
instance,G000824,Rule Fidelity,Rule Fidelity,5,5
instance,G000824,Commonsense Validity,Instance-level commonsense rules,4,4
instance,G000825,Situation Fidelity,Situation Fidelity,5,5
instance,G000825,Rule Fidelity,Rule Fidelity,5,5
instance,G000825,Commonsense Validity,Instance-level commonsense rules,5,5
instance,G000839,Situation Fidelity,Situation Fidelity,5,5
instance,G000839,Rule Fidelity,Rule Fidelity,5,5
instance,G000839,Commonsense Validity,Instance-level commonsense rules,5,4
instance,G000840,Situation Fidelity,Situation Fidelity,5,5
instance,G000840,Rule Fidelity,Rule Fidelity,5,5
instance,G000840,Commonsense Validity,Instance-level commonsense rules,4,4
instance,G000841,Situation Fidelity,Situation Fidelity,5,5
instance,G000841,Rule Fidelity,Rule Fidelity,5,5
instance,G000841,Commonsense Validity,Instance-level commonsense rules,4,4
instance,G000843,Situation Fidelity,Situation Fidelity,4,4
instance,G000843,Rule Fidelity,Rule Fidelity,4,4
instance,G000843,Commonsense Validity,Instance-level commonsense rules,5,5
instance,G000853,Situation Fidelity,Situation Fidelity,5,5
instance,G000853,Rule Fidelity,Rule Fidelity,5,5
instance,G000853,Commonsense Validity,Instance-level commonsense rules,3,3
instance,G000860,Situation Fidelity,Situation Fidelity,5,5
instance,G000860,Rule Fidelity,Rule Fidelity,5,5
instance,G000860,Commonsense Validity,Instance-level commonsense rules,5,5
instance,G000864,Situation Fidelity,Situation Fidelity,5,5
instance,G000864,Rule Fidelity,Rule Fidelity,5,5
instance,G000864,Commonsense Validity,Instance-level commonsense rules,4,5
instance,G000867,Situation Fidelity,Situation Fidelity,5,5
instance,G000867,Rule Fidelity,Rule Fidelity,5,5
instance,G000867,Commonsense Validity,Instance-level commonsense rules,4,4
instance,G000869,Situation Fidelity,Situation Fidelity,5,5
instance,G000869,Rule Fidelity,Rule Fidelity,5,5
instance,G000869,Commonsense Validity,Instance-level commonsense rules,4,4
instance,G000874,Situation Fidelity,Situation Fidelity,5,5
instance,G000874,Rule Fidelity,Rule Fidelity,5,5
instance,G000874,Commonsense Validity,Instance-level commonsense rules,3,4
instance,G000875,Situation Fidelity,Situation Fidelity,5,5
instance,G000875,Rule Fidelity,Rule Fidelity,5,5
instance,G000875,Commonsense Validity,Instance-level commonsense rules,4,4
instance,G000880,Situation Fidelity,Situation Fidelity,5,5
instance,G000880,Rule Fidelity,Rule Fidelity,5,5
instance,G000880,Commonsense Validity,Instance-level commonsense rules,5,5
instance,G000886,Situation Fidelity,Situation Fidelity,5,5
instance,G000886,Rule Fidelity,Rule Fidelity,5,5
instance,G000886,Commonsense Validity,Instance-level commonsense rules,4,3
instance,G000889,Situation Fidelity,Situation Fidelity,5,5
instance,G000889,Rule Fidelity,Rule Fidelity,5,5
instance,G000889,Commonsense Validity,Instance-level commonsense rules,5,5
instance,G000891,Situation Fidelity,Situation Fidelity,5,5
instance,G000891,Rule Fidelity,Rule Fidelity,5,5
instance,G000891,Commonsense Validity,Instance-level commonsense rules,5,5
instance,G000897,Situation Fidelity,Situation Fidelity,5,5
instance,G000897,Rule Fidelity,Rule Fidelity,5,5
instance,G000897,Commonsense Validity,Instance-level commonsense rules,4,4
instance,G000922,Situation Fidelity,Situation Fidelity,5,5
instance,G000922,Rule Fidelity,Rule Fidelity,5,5
instance,G000922,Commonsense Validity,Instance-level commonsense rules,4,3
instance,G000925,Situation Fidelity,Situation Fidelity,4,4
instance,G000925,Rule Fidelity,Rule Fidelity,4,4
instance,G000925,Commonsense Validity,Instance-level commonsense rules,4,4
instance,G000930,Situation Fidelity,Situation Fidelity,5,5
instance,G000930,Rule Fidelity,Rule Fidelity,5,5
instance,G000930,Commonsense Validity,Instance-level commonsense rules,5,4
instance,G000931,Situation Fidelity,Situation Fidelity,5,5
instance,G000931,Rule Fidelity,Rule Fidelity,5,5
instance,G000931,Commonsense Validity,Instance-level commonsense rules,5,4
instance,G000932,Situation Fidelity,Situation Fidelity,5,5
instance,G000932,Rule Fidelity,Rule Fidelity,5,5
instance,G000932,Commonsense Validity,Instance-level commonsense rules,4,4
instance,G000937,Situation Fidelity,Situation Fidelity,5,5
instance,G000937,Rule Fidelity,Rule Fidelity,5,5
instance,G000937,Commonsense Validity,Instance-level commonsense rules,4,5
instance,G000943,Situation Fidelity,Situation Fidelity,5,5
instance,G000943,Rule Fidelity,Rule Fidelity,5,5
instance,G000943,Commonsense Validity,Instance-level commonsense rules,4,5
instance,G000947,Situation Fidelity,Situation Fidelity,5,5
instance,G000947,Rule Fidelity,Rule Fidelity,5,5
instance,G000947,Commonsense Validity,Instance-level commonsense rules,5,4
instance,G000950,Situation Fidelity,Situation Fidelity,5,5
instance,G000950,Rule Fidelity,Rule Fidelity,5,5
instance,G000950,Commonsense Validity,Instance-level commonsense rules,4,5
instance,G000951,Situation Fidelity,Situation Fidelity,5,5
instance,G000951,Rule Fidelity,Rule Fidelity,5,5
instance,G000951,Commonsense Validity,Instance-level commonsense rules,5,5
instance,G000955,Situation Fidelity,Situation Fidelity,5,5
instance,G000955,Rule Fidelity,Rule Fidelity,5,5
instance,G000955,Commonsense Validity,Instance-level commonsense rules,4,4
instance,G000959,Situation Fidelity,Situation Fidelity,5,5
instance,G000959,Rule Fidelity,Rule Fidelity,5,5
instance,G000959,Commonsense Validity,Instance-level commonsense rules,5,5
instance,G000967,Situation Fidelity,Situation Fidelity,5,5
instance,G000967,Rule Fidelity,Rule Fidelity,5,5
instance,G000967,Commonsense Validity,Instance-level commonsense rules,4,4
instance,G000974,Situation Fidelity,Situation Fidelity,5,5
instance,G000974,Rule Fidelity,Rule Fidelity,5,5
instance,G000974,Commonsense Validity,Instance-level commonsense rules,5,5
instance,G000984,Situation Fidelity,Situation Fidelity,4,5
instance,G000984,Rule Fidelity,Rule Fidelity,4,5
instance,G000984,Commonsense Validity,Instance-level commonsense rules,5,5
instance,G000987,Situation Fidelity,Situation Fidelity,5,5
instance,G000987,Rule Fidelity,Rule Fidelity,5,5
instance,G000987,Commonsense Validity,Instance-level commonsense rules,4,4
instance,G000988,Situation Fidelity,Situation Fidelity,5,5
instance,G000988,Rule Fidelity,Rule Fidelity,5,5
instance,G000988,Commonsense Validity,Instance-level commonsense rules,5,5
instance,G000989,Situation Fidelity,Situation Fidelity,5,5
instance,G000989,Rule Fidelity,Rule Fidelity,5,5
instance,G000989,Commonsense Validity,Instance-level commonsense rules,4,4
instance,G000991,Situation Fidelity,Situation Fidelity,5,5
instance,G000991,Rule Fidelity,Rule Fidelity,5,5
instance,G000991,Commonsense Validity,Instance-level commonsense rules,3,3
instance,G000996,Situation Fidelity,Situation Fidelity,5,5
instance,G000996,Rule Fidelity,Rule Fidelity,5,5
instance,G000996,Commonsense Validity,Instance-level commonsense rules,4,5
instance,G001000,Situation Fidelity,Situation Fidelity,5,5
instance,G001000,Rule Fidelity,Rule Fidelity,5,5
instance,G001000,Commonsense Validity,Instance-level commonsense rules,5,4
instance,G001003,Situation Fidelity,Situation Fidelity,5,5
instance,G001003,Rule Fidelity,Rule Fidelity,5,5
instance,G001003,Commonsense Validity,Instance-level commonsense rules,5,5
instance,G001046,Situation Fidelity,Situation Fidelity,5,5
instance,G001046,Rule Fidelity,Rule Fidelity,5,5
instance,G001046,Commonsense Validity,Instance-level commonsense rules,4,4
instance,G001047,Situation Fidelity,Situation Fidelity,5,5
instance,G001047,Rule Fidelity,Rule Fidelity,5,5
instance,G001047,Commonsense Validity,Instance-level commonsense rules,5,5
instance,G001048,Situation Fidelity,Situation Fidelity,5,5
instance,G001048,Rule Fidelity,Rule Fidelity,5,5
instance,G001048,Commonsense Validity,Instance-level commonsense rules,4,4
instance,G001051,Situation Fidelity,Situation Fidelity,5,5
instance,G001051,Rule Fidelity,Rule Fidelity,5,5
instance,G001051,Commonsense Validity,Instance-level commonsense rules,4,4
instance,G001053,Situation Fidelity,Situation Fidelity,5,5
instance,G001053,Rule Fidelity,Rule Fidelity,5,5
instance,G001053,Commonsense Validity,Instance-level commonsense rules,4,4
instance,G001058,Situation Fidelity,Situation Fidelity,5,4
instance,G001058,Rule Fidelity,Rule Fidelity,5,4
instance,G001058,Commonsense Validity,Instance-level commonsense rules,4,5
instance,G001061,Situation Fidelity,Situation Fidelity,4,4
instance,G001061,Rule Fidelity,Rule Fidelity,4,4
instance,G001061,Commonsense Validity,Instance-level commonsense rules,5,5
instance,G001087,Situation Fidelity,Situation Fidelity,5,5
instance,G001087,Rule Fidelity,Rule Fidelity,5,5
instance,G001087,Commonsense Validity,Instance-level commonsense rules,4,4
instance,G001088,Situation Fidelity,Situation Fidelity,5,5
instance,G001088,Rule Fidelity,Rule Fidelity,5,5
instance,G001088,Commonsense Validity,Instance-level commonsense rules,4,5
instance,G001094,Situation Fidelity,Situation Fidelity,5,5
instance,G001094,Rule Fidelity,Rule Fidelity,5,5
instance,G001094,Commonsense Validity,Instance-level commonsense rules,5,5
instance,G001097,Situation Fidelity,Situation Fidelity,5,5
instance,G001097,Rule Fidelity,Rule Fidelity,5,5
instance,G001097,Commonsense Validity,Instance-level commonsense rules,5,5
instance,G001104,Situation Fidelity,Situation Fidelity,5,5
instance,G001104,Rule Fidelity,Rule Fidelity,5,5
instance,G001104,Commonsense Validity,Instance-level commonsense rules,5,5
instance,G001115,Situation Fidelity,Situation Fidelity,5,5
instance,G001115,Rule Fidelity,Rule Fidelity,5,5
instance,G001115,Commonsense Validity,Instance-level commonsense rules,4,5
instance,G001118,Situation Fidelity,Situation Fidelity,5,5
instance,G001118,Rule Fidelity,Rule Fidelity,5,5
instance,G001118,Commonsense Validity,Instance-level commonsense rules,4,5
instance,G001124,Situation Fidelity,Situation Fidelity,5,5
instance,G001124,Rule Fidelity,Rule Fidelity,5,5
instance,G001124,Commonsense Validity,Instance-level commonsense rules,5,5
instance,G001128,Situation Fidelity,Situation Fidelity,5,5
instance,G001128,Rule Fidelity,Rule Fidelity,5,5
instance,G001128,Commonsense Validity,Instance-level commonsense rules,3,4
instance,G001130,Situation Fidelity,Situation Fidelity,5,5
instance,G001130,Rule Fidelity,Rule Fidelity,5,5
instance,G001130,Commonsense Validity,Instance-level commonsense rules,5,5
instance,G001145,Situation Fidelity,Situation Fidelity,5,5
instance,G001145,Rule Fidelity,Rule Fidelity,5,5
instance,G001145,Commonsense Validity,Instance-level commonsense rules,5,5
instance,G001155,Situation Fidelity,Situation Fidelity,5,5
instance,G001155,Rule Fidelity,Rule Fidelity,5,5
instance,G001155,Commonsense Validity,Instance-level commonsense rules,5,5
instance,G001157,Situation Fidelity,Situation Fidelity,5,5
instance,G001157,Rule Fidelity,Rule Fidelity,5,5
instance,G001157,Commonsense Validity,Instance-level commonsense rules,3,3
instance,G001159,Situation Fidelity,Situation Fidelity,5,5
instance,G001159,Rule Fidelity,Rule Fidelity,5,5
instance,G001159,Commonsense Validity,Instance-level commonsense rules,3,4
instance,G001164,Situation Fidelity,Situation Fidelity,5,5
instance,G001164,Rule Fidelity,Rule Fidelity,5,5
instance,G001164,Commonsense Validity,Instance-level commonsense rules,5,5
instance,G001168,Situation Fidelity,Situation Fidelity,5,5
instance,G001168,Rule Fidelity,Rule Fidelity,5,5
instance,G001168,Commonsense Validity,Instance-level commonsense rules,4,4
instance,G001176,Situation Fidelity,Situation Fidelity,5,5
instance,G001176,Rule Fidelity,Rule Fidelity,5,5
instance,G001176,Commonsense Validity,Instance-level commonsense rules,5,5
instance,G001178,Situation Fidelity,Situation Fidelity,5,5
instance,G001178,Rule Fidelity,Rule Fidelity,5,5
instance,G001178,Commonsense Validity,Instance-level commonsense rules,5,5
instance,G001183,Situation Fidelity,Situation Fidelity,5,5
instance,G001183,Rule Fidelity,Rule Fidelity,5,5
instance,G001183,Commonsense Validity,Instance-level commonsense rules,5,5
instance,G001194,Situation Fidelity,Situation Fidelity,5,5
instance,G001194,Rule Fidelity,Rule Fidelity,5,5
instance,G001194,Commonsense Validity,Instance-level commonsense rules,4,4
instance,G001195,Situation Fidelity,Situation Fidelity,5,5
instance,G001195,Rule Fidelity,Rule Fidelity,5,5
instance,G001195,Commonsense Validity,Instance-level commonsense rules,5,5
instance,G001204,Situation Fidelity,Situation Fidelity,5,5
instance,G001204,Rule Fidelity,Rule Fidelity,5,5
instance,G001204,Commonsense Validity,Instance-level commonsense rules,5,5
instance,G001207,Situation Fidelity,Situation Fidelity,5,5
instance,G001207,Rule Fidelity,Rule Fidelity,5,5
instance,G001207,Commonsense Validity,Instance-level commonsense rules,3,3
instance,G001211,Situation Fidelity,Situation Fidelity,5,5
instance,G001211,Rule Fidelity,Rule Fidelity,5,5
instance,G001211,Commonsense Validity,Instance-level commonsense rules,4,4
instance,G001221,Situation Fidelity,Situation Fidelity,5,5
instance,G001221,Rule Fidelity,Rule Fidelity,5,5
instance,G001221,Commonsense Validity,Instance-level commonsense rules,5,5
instance,G001227,Situation Fidelity,Situation Fidelity,5,5
instance,G001227,Rule Fidelity,Rule Fidelity,5,5
instance,G001227,Commonsense Validity,Instance-level commonsense rules,3,4
instance,G001228,Situation Fidelity,Situation Fidelity,5,5
instance,G001228,Rule Fidelity,Rule Fidelity,5,5
instance,G001228,Commonsense Validity,Instance-level commonsense rules,4,4
instance,G001238,Situation Fidelity,Situation Fidelity,5,5
instance,G001238,Rule Fidelity,Rule Fidelity,5,5
instance,G001238,Commonsense Validity,Instance-level commonsense rules,3,3
instance,G001246,Situation Fidelity,Situation Fidelity,5,5
instance,G001246,Rule Fidelity,Rule Fidelity,5,5
instance,G001246,Commonsense Validity,Instance-level commonsense rules,5,5
instance,G001253,Situation Fidelity,Situation Fidelity,5,5
instance,G001253,Rule Fidelity,Rule Fidelity,5,5
instance,G001253,Commonsense Validity,Instance-level commonsense rules,4,5
instance,G001258,Situation Fidelity,Situation Fidelity,5,5
instance,G001258,Rule Fidelity,Rule Fidelity,5,5
instance,G001258,Commonsense Validity,Instance-level commonsense rules,4,4
instance,G001259,Situation Fidelity,Situation Fidelity,5,5
instance,G001259,Rule Fidelity,Rule Fidelity,5,5
instance,G001259,Commonsense Validity,Instance-level commonsense rules,4,4
instance,G001280,Situation Fidelity,Situation Fidelity,5,5
instance,G001280,Rule Fidelity,Rule Fidelity,5,5
instance,G001280,Commonsense Validity,Instance-level commonsense rules,5,5
instance,G001281,Situation Fidelity,Situation Fidelity,5,5
instance,G001281,Rule Fidelity,Rule Fidelity,5,5
instance,G001281,Commonsense Validity,Instance-level commonsense rules,5,5
instance,G001286,Situation Fidelity,Situation Fidelity,4,4
instance,G001286,Rule Fidelity,Rule Fidelity,4,4
instance,G001286,Commonsense Validity,Instance-level commonsense rules,5,5
instance,G001289,Situation Fidelity,Situation Fidelity,5,5
instance,G001289,Rule Fidelity,Rule Fidelity,5,5
instance,G001289,Commonsense Validity,Instance-level commonsense rules,5,5
instance,G001294,Situation Fidelity,Situation Fidelity,5,5
instance,G001294,Rule Fidelity,Rule Fidelity,5,5
instance,G001294,Commonsense Validity,Instance-level commonsense rules,5,5
instance,G001299,Situation Fidelity,Situation Fidelity,5,5
instance,G001299,Rule Fidelity,Rule Fidelity,5,5
instance,G001299,Commonsense Validity,Instance-level commonsense rules,5,5
instance,G001303,Situation Fidelity,Situation Fidelity,5,5
instance,G001303,Rule Fidelity,Rule Fidelity,5,5
instance,G001303,Commonsense Validity,Instance-level commonsense rules,4,5
instance,G001306,Situation Fidelity,Situation Fidelity,4,4
instance,G001306,Rule Fidelity,Rule Fidelity,4,4
instance,G001306,Commonsense Validity,Instance-level commonsense rules,5,5
instance,G001314,Situation Fidelity,Situation Fidelity,5,5
instance,G001314,Rule Fidelity,Rule Fidelity,5,5
instance,G001314,Commonsense Validity,Instance-level commonsense rules,5,4
instance,G001321,Situation Fidelity,Situation Fidelity,5,5
instance,G001321,Rule Fidelity,Rule Fidelity,5,5
instance,G001321,Commonsense Validity,Instance-level commonsense rules,4,4
instance,G001327,Situation Fidelity,Situation Fidelity,5,5
instance,G001327,Rule Fidelity,Rule Fidelity,5,5
instance,G001327,Commonsense Validity,Instance-level commonsense rules,4,4
instance,G001333,Situation Fidelity,Situation Fidelity,5,5
instance,G001333,Rule Fidelity,Rule Fidelity,5,5
instance,G001333,Commonsense Validity,Instance-level commonsense rules,5,5
instance,G001334,Situation Fidelity,Situation Fidelity,5,5
instance,G001334,Rule Fidelity,Rule Fidelity,5,5
instance,G001334,Commonsense Validity,Instance-level commonsense rules,5,4
instance,G001344,Situation Fidelity,Situation Fidelity,5,5
instance,G001344,Rule Fidelity,Rule Fidelity,5,5
instance,G001344,Commonsense Validity,Instance-level commonsense rules,4,4
instance,G001361,Situation Fidelity,Situation Fidelity,5,5
instance,G001361,Rule Fidelity,Rule Fidelity,5,5
instance,G001361,Commonsense Validity,Instance-level commonsense rules,5,5
instance,G001362,Situation Fidelity,Situation Fidelity,5,5
instance,G001362,Rule Fidelity,Rule Fidelity,4,5
instance,G001362,Commonsense Validity,Instance-level commonsense rules,5,5
instance,G001366,Situation Fidelity,Situation Fidelity,5,5
instance,G001366,Rule Fidelity,Rule Fidelity,5,5
instance,G001366,Commonsense Validity,Instance-level commonsense rules,5,5
instance,G001370,Situation Fidelity,Situation Fidelity,5,5
instance,G001370,Rule Fidelity,Rule Fidelity,5,5
instance,G001370,Commonsense Validity,Instance-level commonsense rules,4,5
instance,G001377,Situation Fidelity,Situation Fidelity,5,5
instance,G001377,Rule Fidelity,Rule Fidelity,5,5
instance,G001377,Commonsense Validity,Instance-level commonsense rules,5,5
instance,G001381,Situation Fidelity,Situation Fidelity,5,5
instance,G001381,Rule Fidelity,Rule Fidelity,5,5
instance,G001381,Commonsense Validity,Instance-level commonsense rules,5,5
instance,G001390,Situation Fidelity,Situation Fidelity,5,5
instance,G001390,Rule Fidelity,Rule Fidelity,5,5
instance,G001390,Commonsense Validity,Instance-level commonsense rules,3,5
instance,G001395,Situation Fidelity,Situation Fidelity,5,5
instance,G001395,Rule Fidelity,Rule Fidelity,5,5
instance,G001395,Commonsense Validity,Instance-level commonsense rules,5,5
instance,G001412,Situation Fidelity,Situation Fidelity,5,5
instance,G001412,Rule Fidelity,Rule Fidelity,5,5
instance,G001412,Commonsense Validity,Instance-level commonsense rules,4,4
instance,G001416,Situation Fidelity,Situation Fidelity,5,5
instance,G001416,Rule Fidelity,Rule Fidelity,5,5
instance,G001416,Commonsense Validity,Instance-level commonsense rules,4,5
instance,G001419,Situation Fidelity,Situation Fidelity,4,4
instance,G001419,Rule Fidelity,Rule Fidelity,4,4
instance,G001419,Commonsense Validity,Instance-level commonsense rules,5,4
instance,G001424,Situation Fidelity,Situation Fidelity,5,5
instance,G001424,Rule Fidelity,Rule Fidelity,5,5
instance,G001424,Commonsense Validity,Instance-level commonsense rules,5,5
instance,G001426,Situation Fidelity,Situation Fidelity,5,5
instance,G001426,Rule Fidelity,Rule Fidelity,5,5
instance,G001426,Commonsense Validity,Instance-level commonsense rules,5,5
instance,G001435,Situation Fidelity,Situation Fidelity,5,5
instance,G001435,Rule Fidelity,Rule Fidelity,5,5
instance,G001435,Commonsense Validity,Instance-level commonsense rules,4,4
instance,G001440,Situation Fidelity,Situation Fidelity,5,5
instance,G001440,Rule Fidelity,Rule Fidelity,5,5
instance,G001440,Commonsense Validity,Instance-level commonsense rules,4,3
instance,G001444,Situation Fidelity,Situation Fidelity,5,5
instance,G001444,Rule Fidelity,Rule Fidelity,5,5
instance,G001444,Commonsense Validity,Instance-level commonsense rules,4,4
instance,G001451,Situation Fidelity,Situation Fidelity,5,5
instance,G001451,Rule Fidelity,Rule Fidelity,5,5
instance,G001451,Commonsense Validity,Instance-level commonsense rules,5,5
instance,G001458,Situation Fidelity,Situation Fidelity,5,5
instance,G001458,Rule Fidelity,Rule Fidelity,5,5
instance,G001458,Commonsense Validity,Instance-level commonsense rules,5,5
instance,G001460,Situation Fidelity,Situation Fidelity,5,5
instance,G001460,Rule Fidelity,Rule Fidelity,5,5
instance,G001460,Commonsense Validity,Instance-level commonsense rules,5,5
instance,G001461,Situation Fidelity,Situation Fidelity,5,5
instance,G001461,Rule Fidelity,Rule Fidelity,5,5
instance,G001461,Commonsense Validity,Instance-level commonsense rules,4,3
instance,G001462,Situation Fidelity,Situation Fidelity,5,5
instance,G001462,Rule Fidelity,Rule Fidelity,5,5
instance,G001462,Commonsense Validity,Instance-level commonsense rules,3,3
instance,G001466,Situation Fidelity,Situation Fidelity,5,5
instance,G001466,Rule Fidelity,Rule Fidelity,5,5
instance,G001466,Commonsense Validity,Instance-level commonsense rules,5,5
instance,G001468,Situation Fidelity,Situation Fidelity,5,5
instance,G001468,Rule Fidelity,Rule Fidelity,5,5
instance,G001468,Commonsense Validity,Instance-level commonsense rules,5,5
instance,G001471,Situation Fidelity,Situation Fidelity,5,5
instance,G001471,Rule Fidelity,Rule Fidelity,5,5
instance,G001471,Commonsense Validity,Instance-level commonsense rules,4,4
instance,G001473,Situation Fidelity,Situation Fidelity,5,5
instance,G001473,Rule Fidelity,Rule Fidelity,5,5
instance,G001473,Commonsense Validity,Instance-level commonsense rules,4,5
instance,G001474,Situation Fidelity,Situation Fidelity,5,5
instance,G001474,Rule Fidelity,Rule Fidelity,5,5
instance,G001474,Commonsense Validity,Instance-level commonsense rules,4,4
instance,G001487,Situation Fidelity,Situation Fidelity,5,5
instance,G001487,Rule Fidelity,Rule Fidelity,5,5
instance,G001487,Commonsense Validity,Instance-level commonsense rules,4,4
instance,G001494,Situation Fidelity,Situation Fidelity,5,5
instance,G001494,Rule Fidelity,Rule Fidelity,5,5
instance,G001494,Commonsense Validity,Instance-level commonsense rules,5,5
instance,G001502,Situation Fidelity,Situation Fidelity,5,5
instance,G001502,Rule Fidelity,Rule Fidelity,5,5
instance,G001502,Commonsense Validity,Instance-level commonsense rules,5,5
instance,G001506,Situation Fidelity,Situation Fidelity,5,5
instance,G001506,Rule Fidelity,Rule Fidelity,5,5
instance,G001506,Commonsense Validity,Instance-level commonsense rules,4,4
instance,G001516,Situation Fidelity,Situation Fidelity,5,5
instance,G001516,Rule Fidelity,Rule Fidelity,5,5
instance,G001516,Commonsense Validity,Instance-level commonsense rules,4,5
instance,G001522,Situation Fidelity,Situation Fidelity,5,5
instance,G001522,Rule Fidelity,Rule Fidelity,5,5
instance,G001522,Commonsense Validity,Instance-level commonsense rules,5,5
instance,G001531,Situation Fidelity,Situation Fidelity,5,5
instance,G001531,Rule Fidelity,Rule Fidelity,5,5
instance,G001531,Commonsense Validity,Instance-level commonsense rules,4,4
instance,G001532,Situation Fidelity,Situation Fidelity,5,5
instance,G001532,Rule Fidelity,Rule Fidelity,5,5
instance,G001532,Commonsense Validity,Instance-level commonsense rules,4,4
instance,G001543,Situation Fidelity,Situation Fidelity,5,5
instance,G001543,Rule Fidelity,Rule Fidelity,5,5
instance,G001543,Commonsense Validity,Instance-level commonsense rules,3,4
instance,G001545,Situation Fidelity,Situation Fidelity,5,5
instance,G001545,Rule Fidelity,Rule Fidelity,5,5
instance,G001545,Commonsense Validity,Instance-level commonsense rules,4,4
instance,G001547,Situation Fidelity,Situation Fidelity,5,5
instance,G001547,Rule Fidelity,Rule Fidelity,5,5
instance,G001547,Commonsense Validity,Instance-level commonsense rules,5,4
instance,G001548,Situation Fidelity,Situation Fidelity,5,5
instance,G001548,Rule Fidelity,Rule Fidelity,5,5
instance,G001548,Commonsense Validity,Instance-level commonsense rules,4,4
instance,G001556,Situation Fidelity,Situation Fidelity,5,5
instance,G001556,Rule Fidelity,Rule Fidelity,5,5
instance,G001556,Commonsense Validity,Instance-level commonsense rules,4,4
instance,G001562,Situation Fidelity,Situation Fidelity,5,5
instance,G001562,Rule Fidelity,Rule Fidelity,5,5
instance,G001562,Commonsense Validity,Instance-level commonsense rules,5,5
instance,G001566,Situation Fidelity,Situation Fidelity,5,5
instance,G001566,Rule Fidelity,Rule Fidelity,5,5
instance,G001566,Commonsense Validity,Instance-level commonsense rules,5,5
instance,G001570,Situation Fidelity,Situation Fidelity,5,5
instance,G001570,Rule Fidelity,Rule Fidelity,5,5
instance,G001570,Commonsense Validity,Instance-level commonsense rules,4,4
instance,G001582,Situation Fidelity,Situation Fidelity,4,4
instance,G001582,Rule Fidelity,Rule Fidelity,4,4
instance,G001582,Commonsense Validity,Instance-level commonsense rules,5,5
instance,G001594,Situation Fidelity,Situation Fidelity,5,5
instance,G001594,Rule Fidelity,Rule Fidelity,5,5
instance,G001594,Commonsense Validity,Instance-level commonsense rules,4,4
instance,G001603,Situation Fidelity,Situation Fidelity,5,5
instance,G001603,Rule Fidelity,Rule Fidelity,5,5
instance,G001603,Commonsense Validity,Instance-level commonsense rules,4,5
instance,G001608,Situation Fidelity,Situation Fidelity,5,5
instance,G001608,Rule Fidelity,Rule Fidelity,5,5
instance,G001608,Commonsense Validity,Instance-level commonsense rules,5,5
instance,G001614,Situation Fidelity,Situation Fidelity,5,5
instance,G001614,Rule Fidelity,Rule Fidelity,5,5
instance,G001614,Commonsense Validity,Instance-level commonsense rules,5,4
instance,G001615,Situation Fidelity,Situation Fidelity,5,5
instance,G001615,Rule Fidelity,Rule Fidelity,5,5
instance,G001615,Commonsense Validity,Instance-level commonsense rules,4,4
instance,G001628,Situation Fidelity,Situation Fidelity,5,5
instance,G001628,Rule Fidelity,Rule Fidelity,5,5
instance,G001628,Commonsense Validity,Instance-level commonsense rules,5,4
instance,G001637,Situation Fidelity,Situation Fidelity,5,5
instance,G001637,Rule Fidelity,Rule Fidelity,5,5
instance,G001637,Commonsense Validity,Instance-level commonsense rules,5,5
instance,G001644,Situation Fidelity,Situation Fidelity,5,5
instance,G001644,Rule Fidelity,Rule Fidelity,5,5
instance,G001644,Commonsense Validity,Instance-level commonsense rules,5,4
instance,G001649,Situation Fidelity,Situation Fidelity,5,5
instance,G001649,Rule Fidelity,Rule Fidelity,5,5
instance,G001649,Commonsense Validity,Instance-level commonsense rules,5,4
instance,G001651,Situation Fidelity,Situation Fidelity,5,5
instance,G001651,Rule Fidelity,Rule Fidelity,4,4
instance,G001651,Commonsense Validity,Instance-level commonsense rules,4,4
instance,G001661,Situation Fidelity,Situation Fidelity,5,5
instance,G001661,Rule Fidelity,Rule Fidelity,5,5
instance,G001661,Commonsense Validity,Instance-level commonsense rules,3,3
instance,G001662,Situation Fidelity,Situation Fidelity,5,5
instance,G001662,Rule Fidelity,Rule Fidelity,5,5
instance,G001662,Commonsense Validity,Instance-level commonsense rules,4,4
instance,G001665,Situation Fidelity,Situation Fidelity,5,5
instance,G001665,Rule Fidelity,Rule Fidelity,5,5
instance,G001665,Commonsense Validity,Instance-level commonsense rules,5,5
instance,G001669,Situation Fidelity,Situation Fidelity,5,5
instance,G001669,Rule Fidelity,Rule Fidelity,5,5
instance,G001669,Commonsense Validity,Instance-level commonsense rules,4,4
instance,G001677,Situation Fidelity,Situation Fidelity,5,5
instance,G001677,Rule Fidelity,Rule Fidelity,5,5
instance,G001677,Commonsense Validity,Instance-level commonsense rules,5,5
instance,G001683,Situation Fidelity,Situation Fidelity,5,5
instance,G001683,Rule Fidelity,Rule Fidelity,5,5
instance,G001683,Commonsense Validity,Instance-level commonsense rules,4,5
instance,G001685,Situation Fidelity,Situation Fidelity,5,5
instance,G001685,Rule Fidelity,Rule Fidelity,5,5
instance,G001685,Commonsense Validity,Instance-level commonsense rules,5,5
instance,G001687,Situation Fidelity,Situation Fidelity,5,5
instance,G001687,Rule Fidelity,Rule Fidelity,5,5
instance,G001687,Commonsense Validity,Instance-level commonsense rules,4,4
instance,G001688,Situation Fidelity,Situation Fidelity,5,5
instance,G001688,Rule Fidelity,Rule Fidelity,5,5
instance,G001688,Commonsense Validity,Instance-level commonsense rules,5,5
instance,G001698,Situation Fidelity,Situation Fidelity,5,5
instance,G001698,Rule Fidelity,Rule Fidelity,5,5
instance,G001698,Commonsense Validity,Instance-level commonsense rules,4,5
instance,G001700,Situation Fidelity,Situation Fidelity,5,5
instance,G001700,Rule Fidelity,Rule Fidelity,5,5
instance,G001700,Commonsense Validity,Instance-level commonsense rules,4,4
instance,G001707,Situation Fidelity,Situation Fidelity,5,5
instance,G001707,Rule Fidelity,Rule Fidelity,5,5
instance,G001707,Commonsense Validity,Instance-level commonsense rules,4,4
instance,G001708,Situation Fidelity,Situation Fidelity,5,5
instance,G001708,Rule Fidelity,Rule Fidelity,5,5
instance,G001708,Commonsense Validity,Instance-level commonsense rules,5,5
instance,G001714,Situation Fidelity,Situation Fidelity,5,5
instance,G001714,Rule Fidelity,Rule Fidelity,5,5
instance,G001714,Commonsense Validity,Instance-level commonsense rules,4,4
instance,G001720,Situation Fidelity,Situation Fidelity,5,5
instance,G001720,Rule Fidelity,Rule Fidelity,5,5
instance,G001720,Commonsense Validity,Instance-level commonsense rules,5,5
instance,G001721,Situation Fidelity,Situation Fidelity,5,5
instance,G001721,Rule Fidelity,Rule Fidelity,5,5
instance,G001721,Commonsense Validity,Instance-level commonsense rules,5,5
instance,G001722,Situation Fidelity,Situation Fidelity,5,5
instance,G001722,Rule Fidelity,Rule Fidelity,5,5
instance,G001722,Commonsense Validity,Instance-level commonsense rules,4,4
instance,G001734,Situation Fidelity,Situation Fidelity,5,5
instance,G001734,Rule Fidelity,Rule Fidelity,5,5
instance,G001734,Commonsense Validity,Instance-level commonsense rules,5,5
instance,G001754,Situation Fidelity,Situation Fidelity,5,5
instance,G001754,Rule Fidelity,Rule Fidelity,5,5
instance,G001754,Commonsense Validity,Instance-level commonsense rules,3,3
instance,G001765,Situation Fidelity,Situation Fidelity,5,5
instance,G001765,Rule Fidelity,Rule Fidelity,5,5
instance,G001765,Commonsense Validity,Instance-level commonsense rules,5,4
instance,G001766,Situation Fidelity,Situation Fidelity,5,5
instance,G001766,Rule Fidelity,Rule Fidelity,5,5
instance,G001766,Commonsense Validity,Instance-level commonsense rules,5,5
instance,G001770,Situation Fidelity,Situation Fidelity,5,5
instance,G001770,Rule Fidelity,Rule Fidelity,5,5
instance,G001770,Commonsense Validity,Instance-level commonsense rules,5,4
instance,G001771,Situation Fidelity,Situation Fidelity,5,5
instance,G001771,Rule Fidelity,Rule Fidelity,5,5
instance,G001771,Commonsense Validity,Instance-level commonsense rules,5,5
instance,G001780,Situation Fidelity,Situation Fidelity,5,5
instance,G001780,Rule Fidelity,Rule Fidelity,5,5
instance,G001780,Commonsense Validity,Instance-level commonsense rules,5,5
instance,G001783,Situation Fidelity,Situation Fidelity,5,5
instance,G001783,Rule Fidelity,Rule Fidelity,5,5
instance,G001783,Commonsense Validity,Instance-level commonsense rules,5,5
instance,G001792,Situation Fidelity,Situation Fidelity,5,5
instance,G001792,Rule Fidelity,Rule Fidelity,5,5
instance,G001792,Commonsense Validity,Instance-level commonsense rules,5,5
instance,G001799,Situation Fidelity,Situation Fidelity,5,5
instance,G001799,Rule Fidelity,Rule Fidelity,5,5
instance,G001799,Commonsense Validity,Instance-level commonsense rules,5,5
instance,G001802,Situation Fidelity,Situation Fidelity,5,5
instance,G001802,Rule Fidelity,Rule Fidelity,5,5
instance,G001802,Commonsense Validity,Instance-level commonsense rules,5,5
instance,G001804,Situation Fidelity,Situation Fidelity,5,5
instance,G001804,Rule Fidelity,Rule Fidelity,5,5
instance,G001804,Commonsense Validity,Instance-level commonsense rules,4,5
instance,G001809,Situation Fidelity,Situation Fidelity,5,5
instance,G001809,Rule Fidelity,Rule Fidelity,5,5
instance,G001809,Commonsense Validity,Instance-level commonsense rules,4,4
instance,G001833,Situation Fidelity,Situation Fidelity,5,5
instance,G001833,Rule Fidelity,Rule Fidelity,5,5
instance,G001833,Commonsense Validity,Instance-level commonsense rules,5,5
instance,G001836,Situation Fidelity,Situation Fidelity,5,5
instance,G001836,Rule Fidelity,Rule Fidelity,5,5
instance,G001836,Commonsense Validity,Instance-level commonsense rules,5,4
instance,G001837,Situation Fidelity,Situation Fidelity,5,5
instance,G001837,Rule Fidelity,Rule Fidelity,5,5
instance,G001837,Commonsense Validity,Instance-level commonsense rules,5,5
instance,G001838,Situation Fidelity,Situation Fidelity,5,5
instance,G001838,Rule Fidelity,Rule Fidelity,5,5
instance,G001838,Commonsense Validity,Instance-level commonsense rules,5,5
instance,G001844,Situation Fidelity,Situation Fidelity,5,5
instance,G001844,Rule Fidelity,Rule Fidelity,5,5
instance,G001844,Commonsense Validity,Instance-level commonsense rules,4,4
instance,G001846,Situation Fidelity,Situation Fidelity,5,5
instance,G001846,Rule Fidelity,Rule Fidelity,5,5
instance,G001846,Commonsense Validity,Instance-level commonsense rules,5,5
instance,G001847,Situation Fidelity,Situation Fidelity,5,5
instance,G001847,Rule Fidelity,Rule Fidelity,5,5
instance,G001847,Commonsense Validity,Instance-level commonsense rules,5,5
instance,G001849,Situation Fidelity,Situation Fidelity,5,5
instance,G001849,Rule Fidelity,Rule Fidelity,5,5
instance,G001849,Commonsense Validity,Instance-level commonsense rules,5,5
instance,G001871,Situation Fidelity,Situation Fidelity,5,5
instance,G001871,Rule Fidelity,Rule Fidelity,5,5
instance,G001871,Commonsense Validity,Instance-level commonsense rules,4,5
instance,G001880,Situation Fidelity,Situation Fidelity,4,5
instance,G001880,Rule Fidelity,Rule Fidelity,4,5
instance,G001880,Commonsense Validity,Instance-level commonsense rules,5,5
instance,G001884,Situation Fidelity,Situation Fidelity,5,5
instance,G001884,Rule Fidelity,Rule Fidelity,5,5
instance,G001884,Commonsense Validity,Instance-level commonsense rules,4,4
instance,G001886,Situation Fidelity,Situation Fidelity,5,5
instance,G001886,Rule Fidelity,Rule Fidelity,5,5
instance,G001886,Commonsense Validity,Instance-level commonsense rules,5,5
instance,G001887,Situation Fidelity,Situation Fidelity,5,5
instance,G001887,Rule Fidelity,Rule Fidelity,5,5
instance,G001887,Commonsense Validity,Instance-level commonsense rules,4,4
instance,G001893,Situation Fidelity,Situation Fidelity,5,5
instance,G001893,Rule Fidelity,Rule Fidelity,5,5
instance,G001893,Commonsense Validity,Instance-level commonsense rules,3,3
instance,G001901,Situation Fidelity,Situation Fidelity,5,5
instance,G001901,Rule Fidelity,Rule Fidelity,5,5
instance,G001901,Commonsense Validity,Instance-level commonsense rules,5,4
instance,G001905,Situation Fidelity,Situation Fidelity,5,5
instance,G001905,Rule Fidelity,Rule Fidelity,5,5
instance,G001905,Commonsense Validity,Instance-level commonsense rules,4,5
instance,G001911,Situation Fidelity,Situation Fidelity,5,5
instance,G001911,Rule Fidelity,Rule Fidelity,5,5
instance,G001911,Commonsense Validity,Instance-level commonsense rules,5,5
instance,G001913,Situation Fidelity,Situation Fidelity,4,5
instance,G001913,Rule Fidelity,Rule Fidelity,4,5
instance,G001913,Commonsense Validity,Instance-level commonsense rules,5,4
instance,G001919,Situation Fidelity,Situation Fidelity,5,5
instance,G001919,Rule Fidelity,Rule Fidelity,5,5
instance,G001919,Commonsense Validity,Instance-level commonsense rules,5,5
instance,G001925,Situation Fidelity,Situation Fidelity,5,5
instance,G001925,Rule Fidelity,Rule Fidelity,5,5
instance,G001925,Commonsense Validity,Instance-level commonsense rules,4,4
instance,N000002,Situation Fidelity,Situation Fidelity,5,5
instance,N000002,Rule Fidelity,Rule Fidelity,5,5
instance,N000002,Commonsense Validity,Instance-level commonsense rules,5,4
instance,N000017,Situation Fidelity,Situation Fidelity,5,5
instance,N000017,Rule Fidelity,Rule Fidelity,5,5
instance,N000017,Commonsense Validity,Instance-level commonsense rules,4,4
instance,N000025,Situation Fidelity,Situation Fidelity,5,5
instance,N000025,Rule Fidelity,Rule Fidelity,5,5
instance,N000025,Commonsense Validity,Instance-level commonsense rules,5,5
instance,N000034,Situation Fidelity,Situation Fidelity,5,5
instance,N000034,Rule Fidelity,Rule Fidelity,5,5
instance,N000034,Commonsense Validity,Instance-level commonsense rules,4,3
instance,N000036,Situation Fidelity,Situation Fidelity,5,4
instance,N000036,Rule Fidelity,Rule Fidelity,5,5
instance,N000036,Commonsense Validity,Instance-level commonsense rules,5,5
instance,N000043,Situation Fidelity,Situation Fidelity,5,5
instance,N000043,Rule Fidelity,Rule Fidelity,5,5
instance,N000043,Commonsense Validity,Instance-level commonsense rules,4,4
instance,N000046,Situation Fidelity,Situation Fidelity,5,5
instance,N000046,Rule Fidelity,Rule Fidelity,5,5
instance,N000046,Commonsense Validity,Instance-level commonsense rules,5,4
instance,N000053,Situation Fidelity,Situation Fidelity,5,5
instance,N000053,Rule Fidelity,Rule Fidelity,5,5
instance,N000053,Commonsense Validity,Instance-level commonsense rules,3,4
instance,N000060,Situation Fidelity,Situation Fidelity,5,5
instance,N000060,Rule Fidelity,Rule Fidelity,5,5
instance,N000060,Commonsense Validity,Instance-level commonsense rules,5,5
instance,N000071,Situation Fidelity,Situation Fidelity,5,5
instance,N000071,Rule Fidelity,Rule Fidelity,5,5
instance,N000071,Commonsense Validity,Instance-level commonsense rules,5,5
instance,N000072,Situation Fidelity,Situation Fidelity,5,5
instance,N000072,Rule Fidelity,Rule Fidelity,4,5
instance,N000072,Commonsense Validity,Instance-level commonsense rules,4,5
instance,N000074,Situation Fidelity,Situation Fidelity,5,5
instance,N000074,Rule Fidelity,Rule Fidelity,5,5
instance,N000074,Commonsense Validity,Instance-level commonsense rules,4,4
instance,N000088,Situation Fidelity,Situation Fidelity,5,5
instance,N000088,Rule Fidelity,Rule Fidelity,5,5
instance,N000088,Commonsense Validity,Instance-level commonsense rules,4,4
instance,N000093,Situation Fidelity,Situation Fidelity,5,5
instance,N000093,Rule Fidelity,Rule Fidelity,5,5
instance,N000093,Commonsense Validity,Instance-level commonsense rules,3,3
instance,N000110,Situation Fidelity,Situation Fidelity,5,5
instance,N000110,Rule Fidelity,Rule Fidelity,5,5
instance,N000110,Commonsense Validity,Instance-level commonsense rules,4,4
instance,N000123,Situation Fidelity,Situation Fidelity,5,5
instance,N000123,Rule Fidelity,Rule Fidelity,5,5
instance,N000123,Commonsense Validity,Instance-level commonsense rules,5,4
instance,N000128,Situation Fidelity,Situation Fidelity,5,5
instance,N000128,Rule Fidelity,Rule Fidelity,4,5
instance,N000128,Commonsense Validity,Instance-level commonsense rules,5,5
instance,N000130,Situation Fidelity,Situation Fidelity,5,5
instance,N000130,Rule Fidelity,Rule Fidelity,5,5
instance,N000130,Commonsense Validity,Instance-level commonsense rules,5,5
instance,N000131,Situation Fidelity,Situation Fidelity,5,5
instance,N000131,Rule Fidelity,Rule Fidelity,5,5
instance,N000131,Commonsense Validity,Instance-level commonsense rules,4,4
instance,N000136,Situation Fidelity,Situation Fidelity,5,5
instance,N000136,Rule Fidelity,Rule Fidelity,5,5
instance,N000136,Commonsense Validity,Instance-level commonsense rules,4,4
instance,N000137,Situation Fidelity,Situation Fidelity,5,5
instance,N000137,Rule Fidelity,Rule Fidelity,5,5
instance,N000137,Commonsense Validity,Instance-level commonsense rules,5,5
instance,N000155,Situation Fidelity,Situation Fidelity,5,5
instance,N000155,Rule Fidelity,Rule Fidelity,5,5
instance,N000155,Commonsense Validity,Instance-level commonsense rules,5,5
instance,N000160,Situation Fidelity,Situation Fidelity,5,5
instance,N000160,Rule Fidelity,Rule Fidelity,5,5
instance,N000160,Commonsense Validity,Instance-level commonsense rules,5,5
instance,N000161,Situation Fidelity,Situation Fidelity,5,5
instance,N000161,Rule Fidelity,Rule Fidelity,5,5
instance,N000161,Commonsense Validity,Instance-level commonsense rules,5,4
instance,N000168,Situation Fidelity,Situation Fidelity,5,5
instance,N000168,Rule Fidelity,Rule Fidelity,5,5
instance,N000168,Commonsense Validity,Instance-level commonsense rules,4,3
instance,N000170,Situation Fidelity,Situation Fidelity,5,5
instance,N000170,Rule Fidelity,Rule Fidelity,5,5
instance,N000170,Commonsense Validity,Instance-level commonsense rules,4,4
instance,N000180,Situation Fidelity,Situation Fidelity,5,5
instance,N000180,Rule Fidelity,Rule Fidelity,5,5
instance,N000180,Commonsense Validity,Instance-level commonsense rules,4,3
instance,N000189,Situation Fidelity,Situation Fidelity,5,5
instance,N000189,Rule Fidelity,Rule Fidelity,5,5
instance,N000189,Commonsense Validity,Instance-level commonsense rules,3,4
instance,N000194,Situation Fidelity,Situation Fidelity,5,5
instance,N000194,Rule Fidelity,Rule Fidelity,4,5
instance,N000194,Commonsense Validity,Instance-level commonsense rules,5,5
instance,N000201,Situation Fidelity,Situation Fidelity,5,5
instance,N000201,Rule Fidelity,Rule Fidelity,5,5
instance,N000201,Commonsense Validity,Instance-level commonsense rules,4,4
instance,N000202,Situation Fidelity,Situation Fidelity,5,5
instance,N000202,Rule Fidelity,Rule Fidelity,5,5
instance,N000202,Commonsense Validity,Instance-level commonsense rules,4,4
instance,N000206,Situation Fidelity,Situation Fidelity,5,5
instance,N000206,Rule Fidelity,Rule Fidelity,5,5
instance,N000206,Commonsense Validity,Instance-level commonsense rules,5,5
instance,N000211,Situation Fidelity,Situation Fidelity,5,5
instance,N000211,Rule Fidelity,Rule Fidelity,5,5
instance,N000211,Commonsense Validity,Instance-level commonsense rules,4,3
instance,N000218,Situation Fidelity,Situation Fidelity,5,5
instance,N000218,Rule Fidelity,Rule Fidelity,5,5
instance,N000218,Commonsense Validity,Instance-level commonsense rules,3,3
instance,N000227,Situation Fidelity,Situation Fidelity,5,5
instance,N000227,Rule Fidelity,Rule Fidelity,5,5
instance,N000227,Commonsense Validity,Instance-level commonsense rules,4,4
instance,N000235,Situation Fidelity,Situation Fidelity,5,5
instance,N000235,Rule Fidelity,Rule Fidelity,5,5
instance,N000235,Commonsense Validity,Instance-level commonsense rules,4,4
instance,N000245,Situation Fidelity,Situation Fidelity,5,5
instance,N000245,Rule Fidelity,Rule Fidelity,5,5
instance,N000245,Commonsense Validity,Instance-level commonsense rules,4,4
instance,N000255,Situation Fidelity,Situation Fidelity,5,5
instance,N000255,Rule Fidelity,Rule Fidelity,5,5
instance,N000255,Commonsense Validity,Instance-level commonsense rules,4,3
instance,N000265,Situation Fidelity,Situation Fidelity,5,5
instance,N000265,Rule Fidelity,Rule Fidelity,5,5
instance,N000265,Commonsense Validity,Instance-level commonsense rules,5,5
instance,N000269,Situation Fidelity,Situation Fidelity,5,5
instance,N000269,Rule Fidelity,Rule Fidelity,5,5
instance,N000269,Commonsense Validity,Instance-level commonsense rules,4,4
instance,N000273,Situation Fidelity,Situation Fidelity,5,5
instance,N000273,Rule Fidelity,Rule Fidelity,5,5
instance,N000273,Commonsense Validity,Instance-level commonsense rules,5,4
instance,N000279,Situation Fidelity,Situation Fidelity,5,5
instance,N000279,Rule Fidelity,Rule Fidelity,5,5
instance,N000279,Commonsense Validity,Instance-level commonsense rules,4,4
instance,N000280,Situation Fidelity,Situation Fidelity,5,5
instance,N000280,Rule Fidelity,Rule Fidelity,5,5
instance,N000280,Commonsense Validity,Instance-level commonsense rules,4,3
instance,N000282,Situation Fidelity,Situation Fidelity,5,5
instance,N000282,Rule Fidelity,Rule Fidelity,5,5
instance,N000282,Commonsense Validity,Instance-level commonsense rules,5,5
instance,N000289,Situation Fidelity,Situation Fidelity,5,5
instance,N000289,Rule Fidelity,Rule Fidelity,5,5
instance,N000289,Commonsense Validity,Instance-level commonsense rules,5,5
instance,N000290,Situation Fidelity,Situation Fidelity,5,5
instance,N000290,Rule Fidelity,Rule Fidelity,5,5
instance,N000290,Commonsense Validity,Instance-level commonsense rules,4,5
instance,N000291,Situation Fidelity,Situation Fidelity,5,5
instance,N000291,Rule Fidelity,Rule Fidelity,5,5
instance,N000291,Commonsense Validity,Instance-level commonsense rules,5,5
instance,N000299,Situation Fidelity,Situation Fidelity,5,5
instance,N000299,Rule Fidelity,Rule Fidelity,5,5
instance,N000299,Commonsense Validity,Instance-level commonsense rules,4,4
instance,N000308,Situation Fidelity,Situation Fidelity,5,5
instance,N000308,Rule Fidelity,Rule Fidelity,5,5
instance,N000308,Commonsense Validity,Instance-level commonsense rules,4,4
instance,N000313,Situation Fidelity,Situation Fidelity,5,5
instance,N000313,Rule Fidelity,Rule Fidelity,5,5
instance,N000313,Commonsense Validity,Instance-level commonsense rules,4,4
instance,N000321,Situation Fidelity,Situation Fidelity,5,5
instance,N000321,Rule Fidelity,Rule Fidelity,5,5
instance,N000321,Commonsense Validity,Instance-level commonsense rules,4,4
instance,N000323,Situation Fidelity,Situation Fidelity,5,4
instance,N000323,Rule Fidelity,Rule Fidelity,5,4
instance,N000323,Commonsense Validity,Instance-level commonsense rules,4,4
instance,N000326,Situation Fidelity,Situation Fidelity,5,5
instance,N000326,Rule Fidelity,Rule Fidelity,5,5
instance,N000326,Commonsense Validity,Instance-level commonsense rules,4,4
instance,N000337,Situation Fidelity,Situation Fidelity,5,5
instance,N000337,Rule Fidelity,Rule Fidelity,5,5
instance,N000337,Commonsense Validity,Instance-level commonsense rules,5,5
instance,N000338,Situation Fidelity,Situation Fidelity,5,5
instance,N000338,Rule Fidelity,Rule Fidelity,5,5
instance,N000338,Commonsense Validity,Instance-level commonsense rules,5,5
instance,N000358,Situation Fidelity,Situation Fidelity,5,5
instance,N000358,Rule Fidelity,Rule Fidelity,5,5
instance,N000358,Commonsense Validity,Instance-level commonsense rules,4,4
instance,N000359,Situation Fidelity,Situation Fidelity,4,4
instance,N000359,Rule Fidelity,Rule Fidelity,4,4
instance,N000359,Commonsense Validity,Instance-level commonsense rules,4,4
instance,N000382,Situation Fidelity,Situation Fidelity,5,5
instance,N000382,Rule Fidelity,Rule Fidelity,5,5
instance,N000382,Commonsense Validity,Instance-level commonsense rules,5,5
instance,N000385,Situation Fidelity,Situation Fidelity,5,5
instance,N000385,Rule Fidelity,Rule Fidelity,5,5
instance,N000385,Commonsense Validity,Instance-level commonsense rules,5,5
instance,N000386,Situation Fidelity,Situation Fidelity,4,5
instance,N000386,Rule Fidelity,Rule Fidelity,4,5
instance,N000386,Commonsense Validity,Instance-level commonsense rules,4,4
instance,N000390,Situation Fidelity,Situation Fidelity,5,5
instance,N000390,Rule Fidelity,Rule Fidelity,5,5
instance,N000390,Commonsense Validity,Instance-level commonsense rules,4,5
instance,N000408,Situation Fidelity,Situation Fidelity,5,5
instance,N000408,Rule Fidelity,Rule Fidelity,5,5
instance,N000408,Commonsense Validity,Instance-level commonsense rules,4,4
instance,N000411,Situation Fidelity,Situation Fidelity,5,5
instance,N000411,Rule Fidelity,Rule Fidelity,5,5
instance,N000411,Commonsense Validity,Instance-level commonsense rules,4,4
instance,N000413,Situation Fidelity,Situation Fidelity,5,5
instance,N000413,Rule Fidelity,Rule Fidelity,5,5
instance,N000413,Commonsense Validity,Instance-level commonsense rules,3,3
instance,N000427,Situation Fidelity,Situation Fidelity,5,5
instance,N000427,Rule Fidelity,Rule Fidelity,5,5
instance,N000427,Commonsense Validity,Instance-level commonsense rules,5,5
instance,N000429,Situation Fidelity,Situation Fidelity,5,5
instance,N000429,Rule Fidelity,Rule Fidelity,5,5
instance,N000429,Commonsense Validity,Instance-level commonsense rules,4,4
instance,N000434,Situation Fidelity,Situation Fidelity,5,5
instance,N000434,Rule Fidelity,Rule Fidelity,5,5
instance,N000434,Commonsense Validity,Instance-level commonsense rules,5,5
instance,N000447,Situation Fidelity,Situation Fidelity,5,5
instance,N000447,Rule Fidelity,Rule Fidelity,5,5
instance,N000447,Commonsense Validity,Instance-level commonsense rules,3,4
instance,N000451,Situation Fidelity,Situation Fidelity,5,5
instance,N000451,Rule Fidelity,Rule Fidelity,5,5
instance,N000451,Commonsense Validity,Instance-level commonsense rules,5,5
instance,N000457,Situation Fidelity,Situation Fidelity,5,5
instance,N000457,Rule Fidelity,Rule Fidelity,5,5
instance,N000457,Commonsense Validity,Instance-level commonsense rules,4,5
instance,N000462,Situation Fidelity,Situation Fidelity,5,5
instance,N000462,Rule Fidelity,Rule Fidelity,5,5
instance,N000462,Commonsense Validity,Instance-level commonsense rules,4,3
instance,N000464,Situation Fidelity,Situation Fidelity,5,5
instance,N000464,Rule Fidelity,Rule Fidelity,5,5
instance,N000464,Commonsense Validity,Instance-level commonsense rules,5,4
instance,N000465,Situation Fidelity,Situation Fidelity,5,5
instance,N000465,Rule Fidelity,Rule Fidelity,5,5
instance,N000465,Commonsense Validity,Instance-level commonsense rules,4,3
instance,N000466,Situation Fidelity,Situation Fidelity,5,5
instance,N000466,Rule Fidelity,Rule Fidelity,5,5
instance,N000466,Commonsense Validity,Instance-level commonsense rules,5,5
instance,N000467,Situation Fidelity,Situation Fidelity,5,5
instance,N000467,Rule Fidelity,Rule Fidelity,5,5
instance,N000467,Commonsense Validity,Instance-level commonsense rules,4,5
instance,N000476,Situation Fidelity,Situation Fidelity,5,5
instance,N000476,Rule Fidelity,Rule Fidelity,5,5
instance,N000476,Commonsense Validity,Instance-level commonsense rules,4,5
instance,N000481,Situation Fidelity,Situation Fidelity,5,5
instance,N000481,Rule Fidelity,Rule Fidelity,5,5
instance,N000481,Commonsense Validity,Instance-level commonsense rules,5,5
instance,N000482,Situation Fidelity,Situation Fidelity,5,5
instance,N000482,Rule Fidelity,Rule Fidelity,5,5
instance,N000482,Commonsense Validity,Instance-level commonsense rules,4,4
instance,N000488,Situation Fidelity,Situation Fidelity,5,5
instance,N000488,Rule Fidelity,Rule Fidelity,5,5
instance,N000488,Commonsense Validity,Instance-level commonsense rules,4,5
instance,N000489,Situation Fidelity,Situation Fidelity,5,5
instance,N000489,Rule Fidelity,Rule Fidelity,5,5
instance,N000489,Commonsense Validity,Instance-level commonsense rules,4,4
instance,N000494,Situation Fidelity,Situation Fidelity,5,5
instance,N000494,Rule Fidelity,Rule Fidelity,5,5
instance,N000494,Commonsense Validity,Instance-level commonsense rules,5,5
instance,N000495,Situation Fidelity,Situation Fidelity,5,5
instance,N000495,Rule Fidelity,Rule Fidelity,5,5
instance,N000495,Commonsense Validity,Instance-level commonsense rules,4,3
instance,N000502,Situation Fidelity,Situation Fidelity,5,5
instance,N000502,Rule Fidelity,Rule Fidelity,5,5
instance,N000502,Commonsense Validity,Instance-level commonsense rules,4,3
instance,N000504,Situation Fidelity,Situation Fidelity,5,5
instance,N000504,Rule Fidelity,Rule Fidelity,5,5
instance,N000504,Commonsense Validity,Instance-level commonsense rules,5,5
instance,N000507,Situation Fidelity,Situation Fidelity,5,5
instance,N000507,Rule Fidelity,Rule Fidelity,5,5
instance,N000507,Commonsense Validity,Instance-level commonsense rules,5,4
instance,N000516,Situation Fidelity,Situation Fidelity,5,5
instance,N000516,Rule Fidelity,Rule Fidelity,5,5
instance,N000516,Commonsense Validity,Instance-level commonsense rules,5,4
instance,N000519,Situation Fidelity,Situation Fidelity,5,5
instance,N000519,Rule Fidelity,Rule Fidelity,5,5
instance,N000519,Commonsense Validity,Instance-level commonsense rules,4,4
instance,N000521,Situation Fidelity,Situation Fidelity,5,5
instance,N000521,Rule Fidelity,Rule Fidelity,5,5
instance,N000521,Commonsense Validity,Instance-level commonsense rules,3,3
instance,N000527,Situation Fidelity,Situation Fidelity,5,4
instance,N000527,Rule Fidelity,Rule Fidelity,4,4
instance,N000527,Commonsense Validity,Instance-level commonsense rules,4,4
instance,N000541,Situation Fidelity,Situation Fidelity,5,5
instance,N000541,Rule Fidelity,Rule Fidelity,5,5
instance,N000541,Commonsense Validity,Instance-level commonsense rules,4,4
instance,N000542,Situation Fidelity,Situation Fidelity,5,5
instance,N000542,Rule Fidelity,Rule Fidelity,5,5
instance,N000542,Commonsense Validity,Instance-level commonsense rules,4,4
instance,N000549,Situation Fidelity,Situation Fidelity,5,5
instance,N000549,Rule Fidelity,Rule Fidelity,5,5
instance,N000549,Commonsense Validity,Instance-level commonsense rules,3,3
instance,N000557,Situation Fidelity,Situation Fidelity,5,5
instance,N000557,Rule Fidelity,Rule Fidelity,5,5
instance,N000557,Commonsense Validity,Instance-level commonsense rules,5,5
instance,N000567,Situation Fidelity,Situation Fidelity,5,5
instance,N000567,Rule Fidelity,Rule Fidelity,5,5
instance,N000567,Commonsense Validity,Instance-level commonsense rules,5,5
instance,N000584,Situation Fidelity,Situation Fidelity,5,5
instance,N000584,Rule Fidelity,Rule Fidelity,5,5
instance,N000584,Commonsense Validity,Instance-level commonsense rules,5,5
instance,N000587,Situation Fidelity,Situation Fidelity,5,5
instance,N000587,Rule Fidelity,Rule Fidelity,5,5
instance,N000587,Commonsense Validity,Instance-level commonsense rules,5,5
instance,N000588,Situation Fidelity,Situation Fidelity,5,5
instance,N000588,Rule Fidelity,Rule Fidelity,5,5
instance,N000588,Commonsense Validity,Instance-level commonsense rules,4,5
instance,N000590,Situation Fidelity,Situation Fidelity,5,5
instance,N000590,Rule Fidelity,Rule Fidelity,5,5
instance,N000590,Commonsense Validity,Instance-level commonsense rules,5,4
instance,N000592,Situation Fidelity,Situation Fidelity,5,5
instance,N000592,Rule Fidelity,Rule Fidelity,5,5
instance,N000592,Commonsense Validity,Instance-level commonsense rules,3,4
instance,N000594,Situation Fidelity,Situation Fidelity,5,5
instance,N000594,Rule Fidelity,Rule Fidelity,5,5
instance,N000594,Commonsense Validity,Instance-level commonsense rules,4,3
instance,N000595,Situation Fidelity,Situation Fidelity,4,4
instance,N000595,Rule Fidelity,Rule Fidelity,4,4
instance,N000595,Commonsense Validity,Instance-level commonsense rules,4,4
instance,N000600,Situation Fidelity,Situation Fidelity,5,5
instance,N000600,Rule Fidelity,Rule Fidelity,5,5
instance,N000600,Commonsense Validity,Instance-level commonsense rules,4,4
instance,N000605,Situation Fidelity,Situation Fidelity,5,5
instance,N000605,Rule Fidelity,Rule Fidelity,5,5
instance,N000605,Commonsense Validity,Instance-level commonsense rules,4,4
instance,N000611,Situation Fidelity,Situation Fidelity,5,5
instance,N000611,Rule Fidelity,Rule Fidelity,5,5
instance,N000611,Commonsense Validity,Instance-level commonsense rules,4,4
instance,N000618,Situation Fidelity,Situation Fidelity,5,5
instance,N000618,Rule Fidelity,Rule Fidelity,5,5
instance,N000618,Commonsense Validity,Instance-level commonsense rules,4,5
instance,N000619,Situation Fidelity,Situation Fidelity,5,5
instance,N000619,Rule Fidelity,Rule Fidelity,5,5
instance,N000619,Commonsense Validity,Instance-level commonsense rules,4,4
instance,N000622,Situation Fidelity,Situation Fidelity,5,5
instance,N000622,Rule Fidelity,Rule Fidelity,5,5
instance,N000622,Commonsense Validity,Instance-level commonsense rules,4,4
instance,N000627,Situation Fidelity,Situation Fidelity,5,5
instance,N000627,Rule Fidelity,Rule Fidelity,5,5
instance,N000627,Commonsense Validity,Instance-level commonsense rules,5,5
instance,N000637,Situation Fidelity,Situation Fidelity,5,5
instance,N000637,Rule Fidelity,Rule Fidelity,5,5
instance,N000637,Commonsense Validity,Instance-level commonsense rules,4,4
instance,N000643,Situation Fidelity,Situation Fidelity,5,5
instance,N000643,Rule Fidelity,Rule Fidelity,5,5
instance,N000643,Commonsense Validity,Instance-level commonsense rules,5,4
instance,N000645,Situation Fidelity,Situation Fidelity,5,5
instance,N000645,Rule Fidelity,Rule Fidelity,5,5
instance,N000645,Commonsense Validity,Instance-level commonsense rules,5,4
instance,N000653,Situation Fidelity,Situation Fidelity,5,5
instance,N000653,Rule Fidelity,Rule Fidelity,5,5
instance,N000653,Commonsense Validity,Instance-level commonsense rules,4,4
instance,N000656,Situation Fidelity,Situation Fidelity,5,5
instance,N000656,Rule Fidelity,Rule Fidelity,5,5
instance,N000656,Commonsense Validity,Instance-level commonsense rules,3,5
instance,N000665,Situation Fidelity,Situation Fidelity,5,5
instance,N000665,Rule Fidelity,Rule Fidelity,5,5
instance,N000665,Commonsense Validity,Instance-level commonsense rules,4,5
instance,N000671,Situation Fidelity,Situation Fidelity,5,5
instance,N000671,Rule Fidelity,Rule Fidelity,5,5
instance,N000671,Commonsense Validity,Instance-level commonsense rules,4,4
instance,N000673,Situation Fidelity,Situation Fidelity,5,5
instance,N000673,Rule Fidelity,Rule Fidelity,5,5
instance,N000673,Commonsense Validity,Instance-level commonsense rules,4,5
instance,N000677,Situation Fidelity,Situation Fidelity,5,5
instance,N000677,Rule Fidelity,Rule Fidelity,5,5
instance,N000677,Commonsense Validity,Instance-level commonsense rules,5,5
instance,N000679,Situation Fidelity,Situation Fidelity,5,5
instance,N000679,Rule Fidelity,Rule Fidelity,5,5
instance,N000679,Commonsense Validity,Instance-level commonsense rules,4,4
instance,N000680,Situation Fidelity,Situation Fidelity,5,5
instance,N000680,Rule Fidelity,Rule Fidelity,5,5
instance,N000680,Commonsense Validity,Instance-level commonsense rules,5,5
instance,N000688,Situation Fidelity,Situation Fidelity,5,5
instance,N000688,Rule Fidelity,Rule Fidelity,5,5
instance,N000688,Commonsense Validity,Instance-level commonsense rules,4,5
instance,N000697,Situation Fidelity,Situation Fidelity,5,5
instance,N000697,Rule Fidelity,Rule Fidelity,5,5
instance,N000697,Commonsense Validity,Instance-level commonsense rules,3,3
instance,N000698,Situation Fidelity,Situation Fidelity,5,5
instance,N000698,Rule Fidelity,Rule Fidelity,5,5
instance,N000698,Commonsense Validity,Instance-level commonsense rules,5,5
instance,N000708,Situation Fidelity,Situation Fidelity,5,5
instance,N000708,Rule Fidelity,Rule Fidelity,5,5
instance,N000708,Commonsense Validity,Instance-level commonsense rules,4,4
instance,N000714,Situation Fidelity,Situation Fidelity,5,5
instance,N000714,Rule Fidelity,Rule Fidelity,5,5
instance,N000714,Commonsense Validity,Instance-level commonsense rules,3,4
instance,N000715,Situation Fidelity,Situation Fidelity,5,5
instance,N000715,Rule Fidelity,Rule Fidelity,5,5
instance,N000715,Commonsense Validity,Instance-level commonsense rules,4,4
instance,N000719,Situation Fidelity,Situation Fidelity,5,5
instance,N000719,Rule Fidelity,Rule Fidelity,5,5
instance,N000719,Commonsense Validity,Instance-level commonsense rules,4,4
instance,N000721,Situation Fidelity,Situation Fidelity,5,5
instance,N000721,Rule Fidelity,Rule Fidelity,5,5
instance,N000721,Commonsense Validity,Instance-level commonsense rules,4,4
instance,N000723,Situation Fidelity,Situation Fidelity,5,4
instance,N000723,Rule Fidelity,Rule Fidelity,5,4
instance,N000723,Commonsense Validity,Instance-level commonsense rules,5,5
instance,N000725,Situation Fidelity,Situation Fidelity,4,5
instance,N000725,Rule Fidelity,Rule Fidelity,4,5
instance,N000725,Commonsense Validity,Instance-level commonsense rules,5,5
instance,N000729,Situation Fidelity,Situation Fidelity,5,5
instance,N000729,Rule Fidelity,Rule Fidelity,5,5
instance,N000729,Commonsense Validity,Instance-level commonsense rules,4,4
instance,N000746,Situation Fidelity,Situation Fidelity,5,5
instance,N000746,Rule Fidelity,Rule Fidelity,5,5
instance,N000746,Commonsense Validity,Instance-level commonsense rules,5,5
instance,N000748,Situation Fidelity,Situation Fidelity,5,5
instance,N000748,Rule Fidelity,Rule Fidelity,5,5
instance,N000748,Commonsense Validity,Instance-level commonsense rules,5,5
instance,N000757,Situation Fidelity,Situation Fidelity,5,5
instance,N000757,Rule Fidelity,Rule Fidelity,5,5
instance,N000757,Commonsense Validity,Instance-level commonsense rules,5,5
instance,N000765,Situation Fidelity,Situation Fidelity,5,5
instance,N000765,Rule Fidelity,Rule Fidelity,5,5
instance,N000765,Commonsense Validity,Instance-level commonsense rules,5,4
instance,N000768,Situation Fidelity,Situation Fidelity,5,5
instance,N000768,Rule Fidelity,Rule Fidelity,5,5
instance,N000768,Commonsense Validity,Instance-level commonsense rules,3,4
instance,N000779,Situation Fidelity,Situation Fidelity,5,5
instance,N000779,Rule Fidelity,Rule Fidelity,5,5
instance,N000779,Commonsense Validity,Instance-level commonsense rules,4,3
instance,N000787,Situation Fidelity,Situation Fidelity,5,5
instance,N000787,Rule Fidelity,Rule Fidelity,5,5
instance,N000787,Commonsense Validity,Instance-level commonsense rules,5,5
instance,N000788,Situation Fidelity,Situation Fidelity,5,5
instance,N000788,Rule Fidelity,Rule Fidelity,5,5
instance,N000788,Commonsense Validity,Instance-level commonsense rules,4,4
instance,N000791,Situation Fidelity,Situation Fidelity,5,5
instance,N000791,Rule Fidelity,Rule Fidelity,5,5
instance,N000791,Commonsense Validity,Instance-level commonsense rules,5,5
instance,N000799,Situation Fidelity,Situation Fidelity,5,5
instance,N000799,Rule Fidelity,Rule Fidelity,5,5
instance,N000799,Commonsense Validity,Instance-level commonsense rules,5,5
instance,N000807,Situation Fidelity,Situation Fidelity,5,5
instance,N000807,Rule Fidelity,Rule Fidelity,5,5
instance,N000807,Commonsense Validity,Instance-level commonsense rules,4,4
instance,N000809,Situation Fidelity,Situation Fidelity,5,5
instance,N000809,Rule Fidelity,Rule Fidelity,5,5
instance,N000809,Commonsense Validity,Instance-level commonsense rules,4,4
instance,N000817,Situation Fidelity,Situation Fidelity,5,5
instance,N000817,Rule Fidelity,Rule Fidelity,5,5
instance,N000817,Commonsense Validity,Instance-level commonsense rules,5,4
instance,N000828,Situation Fidelity,Situation Fidelity,5,5
instance,N000828,Rule Fidelity,Rule Fidelity,5,5
instance,N000828,Commonsense Validity,Instance-level commonsense rules,4,4
instance,N000829,Situation Fidelity,Situation Fidelity,4,5
instance,N000829,Rule Fidelity,Rule Fidelity,4,5
instance,N000829,Commonsense Validity,Instance-level commonsense rules,5,5
instance,N000840,Situation Fidelity,Situation Fidelity,5,5
instance,N000840,Rule Fidelity,Rule Fidelity,5,5
instance,N000840,Commonsense Validity,Instance-level commonsense rules,5,5
instance,N000845,Situation Fidelity,Situation Fidelity,5,5
instance,N000845,Rule Fidelity,Rule Fidelity,5,5
instance,N000845,Commonsense Validity,Instance-level commonsense rules,5,5
instance,N000848,Situation Fidelity,Situation Fidelity,5,5
instance,N000848,Rule Fidelity,Rule Fidelity,5,5
instance,N000848,Commonsense Validity,Instance-level commonsense rules,4,4
instance,N000849,Situation Fidelity,Situation Fidelity,5,5
instance,N000849,Rule Fidelity,Rule Fidelity,5,5
instance,N000849,Commonsense Validity,Instance-level commonsense rules,4,3
instance,N000859,Situation Fidelity,Situation Fidelity,5,5
instance,N000859,Rule Fidelity,Rule Fidelity,5,5
instance,N000859,Commonsense Validity,Instance-level commonsense rules,5,5
instance,N000866,Situation Fidelity,Situation Fidelity,5,5
instance,N000866,Rule Fidelity,Rule Fidelity,5,5
instance,N000866,Commonsense Validity,Instance-level commonsense rules,4,4
instance,N000867,Situation Fidelity,Situation Fidelity,5,5
instance,N000867,Rule Fidelity,Rule Fidelity,5,5
instance,N000867,Commonsense Validity,Instance-level commonsense rules,5,5
instance,N000875,Situation Fidelity,Situation Fidelity,5,5
instance,N000875,Rule Fidelity,Rule Fidelity,5,5
instance,N000875,Commonsense Validity,Instance-level commonsense rules,5,4
instance,N000885,Situation Fidelity,Situation Fidelity,5,5
instance,N000885,Rule Fidelity,Rule Fidelity,5,5
instance,N000885,Commonsense Validity,Instance-level commonsense rules,5,5
instance,N000890,Situation Fidelity,Situation Fidelity,5,5
instance,N000890,Rule Fidelity,Rule Fidelity,5,5
instance,N000890,Commonsense Validity,Instance-level commonsense rules,5,5
instance,N000896,Situation Fidelity,Situation Fidelity,5,5
instance,N000896,Rule Fidelity,Rule Fidelity,5,5
instance,N000896,Commonsense Validity,Instance-level commonsense rules,5,4
instance,N000897,Situation Fidelity,Situation Fidelity,5,5
instance,N000897,Rule Fidelity,Rule Fidelity,5,5
instance,N000897,Commonsense Validity,Instance-level commonsense rules,5,5
instance,N000900,Situation Fidelity,Situation Fidelity,5,5
instance,N000900,Rule Fidelity,Rule Fidelity,5,5
instance,N000900,Commonsense Validity,Instance-level commonsense rules,4,4
instance,N000903,Situation Fidelity,Situation Fidelity,5,5
instance,N000903,Rule Fidelity,Rule Fidelity,5,5
instance,N000903,Commonsense Validity,Instance-level commonsense rules,4,4
instance,N000904,Situation Fidelity,Situation Fidelity,5,5
instance,N000904,Rule Fidelity,Rule Fidelity,5,5
instance,N000904,Commonsense Validity,Instance-level commonsense rules,3,4
instance,N000906,Situation Fidelity,Situation Fidelity,5,5
instance,N000906,Rule Fidelity,Rule Fidelity,5,5
instance,N000906,Commonsense Validity,Instance-level commonsense rules,5,5
instance,N000917,Situation Fidelity,Situation Fidelity,5,5
instance,N000917,Rule Fidelity,Rule Fidelity,5,5
instance,N000917,Commonsense Validity,Instance-level commonsense rules,3,3
instance,N000918,Situation Fidelity,Situation Fidelity,5,5
instance,N000918,Rule Fidelity,Rule Fidelity,5,5
instance,N000918,Commonsense Validity,Instance-level commonsense rules,5,4
instance,N000922,Situation Fidelity,Situation Fidelity,5,5
instance,N000922,Rule Fidelity,Rule Fidelity,5,5
instance,N000922,Commonsense Validity,Instance-level commonsense rules,5,4
instance,N000923,Situation Fidelity,Situation Fidelity,5,5
instance,N000923,Rule Fidelity,Rule Fidelity,5,5
instance,N000923,Commonsense Validity,Instance-level commonsense rules,3,4
instance,N000925,Situation Fidelity,Situation Fidelity,5,5
instance,N000925,Rule Fidelity,Rule Fidelity,5,5
instance,N000925,Commonsense Validity,Instance-level commonsense rules,4,4
instance,N000926,Situation Fidelity,Situation Fidelity,5,5
instance,N000926,Rule Fidelity,Rule Fidelity,5,5
instance,N000926,Commonsense Validity,Instance-level commonsense rules,4,4
instance,N000930,Situation Fidelity,Situation Fidelity,5,5
instance,N000930,Rule Fidelity,Rule Fidelity,5,5
instance,N000930,Commonsense Validity,Instance-level commonsense rules,3,4
instance,N000931,Situation Fidelity,Situation Fidelity,5,5
instance,N000931,Rule Fidelity,Rule Fidelity,5,5
instance,N000931,Commonsense Validity,Instance-level commonsense rules,4,3
instance,N000934,Situation Fidelity,Situation Fidelity,5,5
instance,N000934,Rule Fidelity,Rule Fidelity,5,5
instance,N000934,Commonsense Validity,Instance-level commonsense rules,5,4
instance,N000936,Situation Fidelity,Situation Fidelity,5,5
instance,N000936,Rule Fidelity,Rule Fidelity,5,5
instance,N000936,Commonsense Validity,Instance-level commonsense rules,5,5
instance,N000941,Situation Fidelity,Situation Fidelity,5,5
instance,N000941,Rule Fidelity,Rule Fidelity,5,5
instance,N000941,Commonsense Validity,Instance-level commonsense rules,5,5
instance,N000946,Situation Fidelity,Situation Fidelity,5,5
instance,N000946,Rule Fidelity,Rule Fidelity,4,5
instance,N000946,Commonsense Validity,Instance-level commonsense rules,4,5
instance,N000956,Situation Fidelity,Situation Fidelity,5,5
instance,N000956,Rule Fidelity,Rule Fidelity,5,5
instance,N000956,Commonsense Validity,Instance-level commonsense rules,5,5
instance,N000961,Situation Fidelity,Situation Fidelity,5,5
instance,N000961,Rule Fidelity,Rule Fidelity,5,5
instance,N000961,Commonsense Validity,Instance-level commonsense rules,4,4
instance,N000962,Situation Fidelity,Situation Fidelity,5,5
instance,N000962,Rule Fidelity,Rule Fidelity,5,5
instance,N000962,Commonsense Validity,Instance-level commonsense rules,5,5
instance,N000971,Situation Fidelity,Situation Fidelity,5,5
instance,N000971,Rule Fidelity,Rule Fidelity,5,5
instance,N000971,Commonsense Validity,Instance-level commonsense rules,4,4
instance,N000972,Situation Fidelity,Situation Fidelity,5,5
instance,N000972,Rule Fidelity,Rule Fidelity,5,5
instance,N000972,Commonsense Validity,Instance-level commonsense rules,5,5
instance,N000979,Situation Fidelity,Situation Fidelity,5,5
instance,N000979,Rule Fidelity,Rule Fidelity,5,5
instance,N000979,Commonsense Validity,Instance-level commonsense rules,4,5
instance,N000982,Situation Fidelity,Situation Fidelity,5,5
instance,N000982,Rule Fidelity,Rule Fidelity,5,5
instance,N000982,Commonsense Validity,Instance-level commonsense rules,4,4
instance,N000987,Situation Fidelity,Situation Fidelity,5,5
instance,N000987,Rule Fidelity,Rule Fidelity,5,5
instance,N000987,Commonsense Validity,Instance-level commonsense rules,5,5
instance,N000991,Situation Fidelity,Situation Fidelity,5,5
instance,N000991,Rule Fidelity,Rule Fidelity,5,5
instance,N000991,Commonsense Validity,Instance-level commonsense rules,5,4
instance,N000993,Situation Fidelity,Situation Fidelity,5,5
instance,N000993,Rule Fidelity,Rule Fidelity,5,5
instance,N000993,Commonsense Validity,Instance-level commonsense rules,4,4
instance,N001015,Situation Fidelity,Situation Fidelity,5,5
instance,N001015,Rule Fidelity,Rule Fidelity,5,5
instance,N001015,Commonsense Validity,Instance-level commonsense rules,4,4
instance,N001017,Situation Fidelity,Situation Fidelity,5,5
instance,N001017,Rule Fidelity,Rule Fidelity,5,5
instance,N001017,Commonsense Validity,Instance-level commonsense rules,4,4
instance,N001022,Situation Fidelity,Situation Fidelity,5,5
instance,N001022,Rule Fidelity,Rule Fidelity,5,5
instance,N001022,Commonsense Validity,Instance-level commonsense rules,4,4
instance,N001028,Situation Fidelity,Situation Fidelity,5,5
instance,N001028,Rule Fidelity,Rule Fidelity,5,5
instance,N001028,Commonsense Validity,Instance-level commonsense rules,5,5
instance,N001036,Situation Fidelity,Situation Fidelity,5,5
instance,N001036,Rule Fidelity,Rule Fidelity,5,5
instance,N001036,Commonsense Validity,Instance-level commonsense rules,4,5
instance,N001039,Situation Fidelity,Situation Fidelity,5,5
instance,N001039,Rule Fidelity,Rule Fidelity,5,5
instance,N001039,Commonsense Validity,Instance-level commonsense rules,4,4
instance,N001040,Situation Fidelity,Situation Fidelity,5,5
instance,N001040,Rule Fidelity,Rule Fidelity,5,5
instance,N001040,Commonsense Validity,Instance-level commonsense rules,4,4
instance,N001045,Situation Fidelity,Situation Fidelity,5,5
instance,N001045,Rule Fidelity,Rule Fidelity,5,5
instance,N001045,Commonsense Validity,Instance-level commonsense rules,3,3
instance,N001047,Situation Fidelity,Situation Fidelity,5,5
instance,N001047,Rule Fidelity,Rule Fidelity,5,5
instance,N001047,Commonsense Validity,Instance-level commonsense rules,4,4
instance,N001060,Situation Fidelity,Situation Fidelity,5,5
instance,N001060,Rule Fidelity,Rule Fidelity,5,5
instance,N001060,Commonsense Validity,Instance-level commonsense rules,3,4
instance,N001063,Situation Fidelity,Situation Fidelity,5,5
instance,N001063,Rule Fidelity,Rule Fidelity,5,5
instance,N001063,Commonsense Validity,Instance-level commonsense rules,5,5
instance,N001067,Situation Fidelity,Situation Fidelity,5,5
instance,N001067,Rule Fidelity,Rule Fidelity,5,5
instance,N001067,Commonsense Validity,Instance-level commonsense rules,4,4
instance,N001071,Situation Fidelity,Situation Fidelity,5,5
instance,N001071,Rule Fidelity,Rule Fidelity,5,5
instance,N001071,Commonsense Validity,Instance-level commonsense rules,5,5
instance,N001075,Situation Fidelity,Situation Fidelity,5,5
instance,N001075,Rule Fidelity,Rule Fidelity,5,5
instance,N001075,Commonsense Validity,Instance-level commonsense rules,5,5
instance,N001088,Situation Fidelity,Situation Fidelity,5,5
instance,N001088,Rule Fidelity,Rule Fidelity,5,5
instance,N001088,Commonsense Validity,Instance-level commonsense rules,5,5
instance,N001089,Situation Fidelity,Situation Fidelity,5,5
instance,N001089,Rule Fidelity,Rule Fidelity,5,5
instance,N001089,Commonsense Validity,Instance-level commonsense rules,4,4
instance,N001104,Situation Fidelity,Situation Fidelity,5,5
instance,N001104,Rule Fidelity,Rule Fidelity,5,5
instance,N001104,Commonsense Validity,Instance-level commonsense rules,3,3
instance,N001113,Situation Fidelity,Situation Fidelity,5,5
instance,N001113,Rule Fidelity,Rule Fidelity,5,5
instance,N001113,Commonsense Validity,Instance-level commonsense rules,4,4
instance,N001121,Situation Fidelity,Situation Fidelity,5,5
instance,N001121,Rule Fidelity,Rule Fidelity,5,5
instance,N001121,Commonsense Validity,Instance-level commonsense rules,5,5
instance,N001122,Situation Fidelity,Situation Fidelity,5,5
instance,N001122,Rule Fidelity,Rule Fidelity,5,5
instance,N001122,Commonsense Validity,Instance-level commonsense rules,5,5
instance,N001125,Situation Fidelity,Situation Fidelity,5,5
instance,N001125,Rule Fidelity,Rule Fidelity,5,5
instance,N001125,Commonsense Validity,Instance-level commonsense rules,4,4
instance,N001131,Situation Fidelity,Situation Fidelity,5,5
instance,N001131,Rule Fidelity,Rule Fidelity,5,5
instance,N001131,Commonsense Validity,Instance-level commonsense rules,5,5
instance,N001144,Situation Fidelity,Situation Fidelity,5,5
instance,N001144,Rule Fidelity,Rule Fidelity,5,5
instance,N001144,Commonsense Validity,Instance-level commonsense rules,5,4
instance,N001160,Situation Fidelity,Situation Fidelity,5,5
instance,N001160,Rule Fidelity,Rule Fidelity,5,5
instance,N001160,Commonsense Validity,Instance-level commonsense rules,4,4
instance,N001161,Situation Fidelity,Situation Fidelity,5,5
instance,N001161,Rule Fidelity,Rule Fidelity,5,5
instance,N001161,Commonsense Validity,Instance-level commonsense rules,4,4
instance,N001163,Situation Fidelity,Situation Fidelity,5,5
instance,N001163,Rule Fidelity,Rule Fidelity,5,5
instance,N001163,Commonsense Validity,Instance-level commonsense rules,4,5
instance,N001164,Situation Fidelity,Situation Fidelity,5,5
instance,N001164,Rule Fidelity,Rule Fidelity,5,5
instance,N001164,Commonsense Validity,Instance-level commonsense rules,4,4
instance,N001173,Situation Fidelity,Situation Fidelity,5,5
instance,N001173,Rule Fidelity,Rule Fidelity,5,5
instance,N001173,Commonsense Validity,Instance-level commonsense rules,5,5
instance,N001179,Situation Fidelity,Situation Fidelity,5,5
instance,N001179,Rule Fidelity,Rule Fidelity,5,5
instance,N001179,Commonsense Validity,Instance-level commonsense rules,5,5
instance,N001181,Situation Fidelity,Situation Fidelity,5,5
instance,N001181,Rule Fidelity,Rule Fidelity,5,5
instance,N001181,Commonsense Validity,Instance-level commonsense rules,4,5
instance,N001187,Situation Fidelity,Situation Fidelity,5,5
instance,N001187,Rule Fidelity,Rule Fidelity,5,5
instance,N001187,Commonsense Validity,Instance-level commonsense rules,4,4
instance,N001191,Situation Fidelity,Situation Fidelity,5,5
instance,N001191,Rule Fidelity,Rule Fidelity,5,5
instance,N001191,Commonsense Validity,Instance-level commonsense rules,3,3
instance,N001192,Situation Fidelity,Situation Fidelity,5,5
instance,N001192,Rule Fidelity,Rule Fidelity,5,5
instance,N001192,Commonsense Validity,Instance-level commonsense rules,4,5
instance,N001195,Situation Fidelity,Situation Fidelity,5,5
instance,N001195,Rule Fidelity,Rule Fidelity,5,5
instance,N001195,Commonsense Validity,Instance-level commonsense rules,5,4
instance,N001210,Situation Fidelity,Situation Fidelity,5,5
instance,N001210,Rule Fidelity,Rule Fidelity,5,5
instance,N001210,Commonsense Validity,Instance-level commonsense rules,4,5
instance,N001212,Situation Fidelity,Situation Fidelity,5,5
instance,N001212,Rule Fidelity,Rule Fidelity,5,5
instance,N001212,Commonsense Validity,Instance-level commonsense rules,5,5
instance,N001231,Situation Fidelity,Situation Fidelity,5,5
instance,N001231,Rule Fidelity,Rule Fidelity,5,5
instance,N001231,Commonsense Validity,Instance-level commonsense rules,5,4
instance,N001236,Situation Fidelity,Situation Fidelity,5,5
instance,N001236,Rule Fidelity,Rule Fidelity,5,5
instance,N001236,Commonsense Validity,Instance-level commonsense rules,5,4
instance,N001237,Situation Fidelity,Situation Fidelity,5,5
instance,N001237,Rule Fidelity,Rule Fidelity,5,5
instance,N001237,Commonsense Validity,Instance-level commonsense rules,4,5
instance,N001241,Situation Fidelity,Situation Fidelity,5,5
instance,N001241,Rule Fidelity,Rule Fidelity,5,5
instance,N001241,Commonsense Validity,Instance-level commonsense rules,4,5
instance,N001243,Situation Fidelity,Situation Fidelity,5,5
instance,N001243,Rule Fidelity,Rule Fidelity,5,5
instance,N001243,Commonsense Validity,Instance-level commonsense rules,4,5
instance,N001253,Situation Fidelity,Situation Fidelity,5,5
instance,N001253,Rule Fidelity,Rule Fidelity,5,5
instance,N001253,Commonsense Validity,Instance-level commonsense rules,5,5
instance,N001272,Situation Fidelity,Situation Fidelity,5,5
instance,N001272,Rule Fidelity,Rule Fidelity,5,5
instance,N001272,Commonsense Validity,Instance-level commonsense rules,5,4
instance,N001280,Situation Fidelity,Situation Fidelity,5,5
instance,N001280,Rule Fidelity,Rule Fidelity,5,5
instance,N001280,Commonsense Validity,Instance-level commonsense rules,3,3
instance,N001295,Situation Fidelity,Situation Fidelity,5,5
instance,N001295,Rule Fidelity,Rule Fidelity,5,5
instance,N001295,Commonsense Validity,Instance-level commonsense rules,5,4
instance,N001296,Situation Fidelity,Situation Fidelity,5,5
instance,N001296,Rule Fidelity,Rule Fidelity,5,5
instance,N001296,Commonsense Validity,Instance-level commonsense rules,5,4
instance,N001297,Situation Fidelity,Situation Fidelity,5,5
instance,N001297,Rule Fidelity,Rule Fidelity,5,5
instance,N001297,Commonsense Validity,Instance-level commonsense rules,5,5
instance,N001300,Situation Fidelity,Situation Fidelity,5,5
instance,N001300,Rule Fidelity,Rule Fidelity,5,5
instance,N001300,Commonsense Validity,Instance-level commonsense rules,4,5
instance,N001311,Situation Fidelity,Situation Fidelity,5,5
instance,N001311,Rule Fidelity,Rule Fidelity,5,5
instance,N001311,Commonsense Validity,Instance-level commonsense rules,5,4
instance,N001314,Situation Fidelity,Situation Fidelity,5,5
instance,N001314,Rule Fidelity,Rule Fidelity,5,5
instance,N001314,Commonsense Validity,Instance-level commonsense rules,4,4
instance,N001315,Situation Fidelity,Situation Fidelity,5,5
instance,N001315,Rule Fidelity,Rule Fidelity,5,5
instance,N001315,Commonsense Validity,Instance-level commonsense rules,5,5
instance,N001324,Situation Fidelity,Situation Fidelity,5,5
instance,N001324,Rule Fidelity,Rule Fidelity,5,5
instance,N001324,Commonsense Validity,Instance-level commonsense rules,4,4
instance,N001329,Situation Fidelity,Situation Fidelity,5,5
instance,N001329,Rule Fidelity,Rule Fidelity,5,5
instance,N001329,Commonsense Validity,Instance-level commonsense rules,5,5
instance,N001331,Situation Fidelity,Situation Fidelity,5,5
instance,N001331,Rule Fidelity,Rule Fidelity,5,5
instance,N001331,Commonsense Validity,Instance-level commonsense rules,4,4
instance,N001332,Situation Fidelity,Situation Fidelity,5,5
instance,N001332,Rule Fidelity,Rule Fidelity,5,5
instance,N001332,Commonsense Validity,Instance-level commonsense rules,4,4
instance,N001343,Situation Fidelity,Situation Fidelity,5,5
instance,N001343,Rule Fidelity,Rule Fidelity,5,5
instance,N001343,Commonsense Validity,Instance-level commonsense rules,3,3
instance,N001352,Situation Fidelity,Situation Fidelity,5,5
instance,N001352,Rule Fidelity,Rule Fidelity,5,5
instance,N001352,Commonsense Validity,Instance-level commonsense rules,5,5
instance,N001371,Situation Fidelity,Situation Fidelity,5,5
instance,N001371,Rule Fidelity,Rule Fidelity,5,5
instance,N001371,Commonsense Validity,Instance-level commonsense rules,4,4
instance,N001374,Situation Fidelity,Situation Fidelity,5,5
instance,N001374,Rule Fidelity,Rule Fidelity,5,5
instance,N001374,Commonsense Validity,Instance-level commonsense rules,4,3
instance,N001376,Situation Fidelity,Situation Fidelity,5,5
instance,N001376,Rule Fidelity,Rule Fidelity,5,5
instance,N001376,Commonsense Validity,Instance-level commonsense rules,5,5
instance,N001379,Situation Fidelity,Situation Fidelity,5,5
instance,N001379,Rule Fidelity,Rule Fidelity,5,5
instance,N001379,Commonsense Validity,Instance-level commonsense rules,3,3
instance,N001386,Situation Fidelity,Situation Fidelity,5,5
instance,N001386,Rule Fidelity,Rule Fidelity,5,5
instance,N001386,Commonsense Validity,Instance-level commonsense rules,3,3
instance,N001403,Situation Fidelity,Situation Fidelity,5,5
instance,N001403,Rule Fidelity,Rule Fidelity,5,5
instance,N001403,Commonsense Validity,Instance-level commonsense rules,4,4
instance,N001412,Situation Fidelity,Situation Fidelity,5,5
instance,N001412,Rule Fidelity,Rule Fidelity,5,5
instance,N001412,Commonsense Validity,Instance-level commonsense rules,5,5
instance,N001427,Situation Fidelity,Situation Fidelity,5,5
instance,N001427,Rule Fidelity,Rule Fidelity,5,5
instance,N001427,Commonsense Validity,Instance-level commonsense rules,5,5
instance,N001434,Situation Fidelity,Situation Fidelity,5,5
instance,N001434,Rule Fidelity,Rule Fidelity,5,5
instance,N001434,Commonsense Validity,Instance-level commonsense rules,4,5
instance,N001438,Situation Fidelity,Situation Fidelity,5,5
instance,N001438,Rule Fidelity,Rule Fidelity,5,5
instance,N001438,Commonsense Validity,Instance-level commonsense rules,3,4
instance,N001444,Situation Fidelity,Situation Fidelity,5,5
instance,N001444,Rule Fidelity,Rule Fidelity,5,5
instance,N001444,Commonsense Validity,Instance-level commonsense rules,4,4
instance,N001448,Situation Fidelity,Situation Fidelity,5,5
instance,N001448,Rule Fidelity,Rule Fidelity,5,5
instance,N001448,Commonsense Validity,Instance-level commonsense rules,4,5
instance,N001462,Situation Fidelity,Situation Fidelity,5,5
instance,N001462,Rule Fidelity,Rule Fidelity,5,5
instance,N001462,Commonsense Validity,Instance-level commonsense rules,4,5
instance,N001467,Situation Fidelity,Situation Fidelity,5,5
instance,N001467,Rule Fidelity,Rule Fidelity,5,5
instance,N001467,Commonsense Validity,Instance-level commonsense rules,5,5
instance,N001473,Situation Fidelity,Situation Fidelity,5,5
instance,N001473,Rule Fidelity,Rule Fidelity,5,5
instance,N001473,Commonsense Validity,Instance-level commonsense rules,4,4
instance,N001476,Situation Fidelity,Situation Fidelity,5,5
instance,N001476,Rule Fidelity,Rule Fidelity,5,5
instance,N001476,Commonsense Validity,Instance-level commonsense rules,5,5
instance,N001484,Situation Fidelity,Situation Fidelity,5,5
instance,N001484,Rule Fidelity,Rule Fidelity,5,5
instance,N001484,Commonsense Validity,Instance-level commonsense rules,4,3
instance,N001498,Situation Fidelity,Situation Fidelity,5,5
instance,N001498,Rule Fidelity,Rule Fidelity,5,5
instance,N001498,Commonsense Validity,Instance-level commonsense rules,5,5
instance,N001499,Situation Fidelity,Situation Fidelity,5,5
instance,N001499,Rule Fidelity,Rule Fidelity,5,5
instance,N001499,Commonsense Validity,Instance-level commonsense rules,5,5
instance,N001501,Situation Fidelity,Situation Fidelity,4,5
instance,N001501,Rule Fidelity,Rule Fidelity,5,5
instance,N001501,Commonsense Validity,Instance-level commonsense rules,4,4
instance,N001505,Situation Fidelity,Situation Fidelity,5,5
instance,N001505,Rule Fidelity,Rule Fidelity,5,5
instance,N001505,Commonsense Validity,Instance-level commonsense rules,5,4
instance,N001510,Situation Fidelity,Situation Fidelity,5,5
instance,N001510,Rule Fidelity,Rule Fidelity,5,5
instance,N001510,Commonsense Validity,Instance-level commonsense rules,4,4
instance,N001525,Situation Fidelity,Situation Fidelity,5,5
instance,N001525,Rule Fidelity,Rule Fidelity,5,5
instance,N001525,Commonsense Validity,Instance-level commonsense rules,4,4
instance,N001526,Situation Fidelity,Situation Fidelity,5,5
instance,N001526,Rule Fidelity,Rule Fidelity,5,5
instance,N001526,Commonsense Validity,Instance-level commonsense rules,4,4
instance,N001540,Situation Fidelity,Situation Fidelity,5,5
instance,N001540,Rule Fidelity,Rule Fidelity,5,5
instance,N001540,Commonsense Validity,Instance-level commonsense rules,5,5
instance,N001549,Situation Fidelity,Situation Fidelity,5,5
instance,N001549,Rule Fidelity,Rule Fidelity,5,5
instance,N001549,Commonsense Validity,Instance-level commonsense rules,4,4
instance,N001553,Situation Fidelity,Situation Fidelity,5,5
instance,N001553,Rule Fidelity,Rule Fidelity,5,5
instance,N001553,Commonsense Validity,Instance-level commonsense rules,3,4
instance,N001556,Situation Fidelity,Situation Fidelity,5,5
instance,N001556,Rule Fidelity,Rule Fidelity,5,5
instance,N001556,Commonsense Validity,Instance-level commonsense rules,4,4
instance,N001557,Situation Fidelity,Situation Fidelity,5,5
instance,N001557,Rule Fidelity,Rule Fidelity,5,5
instance,N001557,Commonsense Validity,Instance-level commonsense rules,5,5
instance,N001565,Situation Fidelity,Situation Fidelity,5,5
instance,N001565,Rule Fidelity,Rule Fidelity,5,5
instance,N001565,Commonsense Validity,Instance-level commonsense rules,5,5
instance,N001568,Situation Fidelity,Situation Fidelity,5,5
instance,N001568,Rule Fidelity,Rule Fidelity,5,5
instance,N001568,Commonsense Validity,Instance-level commonsense rules,4,4
instance,N001571,Situation Fidelity,Situation Fidelity,5,5
instance,N001571,Rule Fidelity,Rule Fidelity,5,5
instance,N001571,Commonsense Validity,Instance-level commonsense rules,4,4
instance,N001573,Situation Fidelity,Situation Fidelity,5,5
instance,N001573,Rule Fidelity,Rule Fidelity,5,5
instance,N001573,Commonsense Validity,Instance-level commonsense rules,4,5
instance,N001576,Situation Fidelity,Situation Fidelity,5,5
instance,N001576,Rule Fidelity,Rule Fidelity,5,5
instance,N001576,Commonsense Validity,Instance-level commonsense rules,5,5
instance,N001577,Situation Fidelity,Situation Fidelity,5,5
instance,N001577,Rule Fidelity,Rule Fidelity,5,5
instance,N001577,Commonsense Validity,Instance-level commonsense rules,3,3
instance,N001582,Situation Fidelity,Situation Fidelity,5,5
instance,N001582,Rule Fidelity,Rule Fidelity,5,5
instance,N001582,Commonsense Validity,Instance-level commonsense rules,5,5
instance,N001585,Situation Fidelity,Situation Fidelity,5,5
instance,N001585,Rule Fidelity,Rule Fidelity,5,5
instance,N001585,Commonsense Validity,Instance-level commonsense rules,3,4
instance,N001592,Situation Fidelity,Situation Fidelity,5,5
instance,N001592,Rule Fidelity,Rule Fidelity,5,5
instance,N001592,Commonsense Validity,Instance-level commonsense rules,4,5
instance,N001594,Situation Fidelity,Situation Fidelity,5,5
instance,N001594,Rule Fidelity,Rule Fidelity,5,5
instance,N001594,Commonsense Validity,Instance-level commonsense rules,5,5
instance,N001597,Situation Fidelity,Situation Fidelity,5,5
instance,N001597,Rule Fidelity,Rule Fidelity,5,5
instance,N001597,Commonsense Validity,Instance-level commonsense rules,4,4
instance,N001600,Situation Fidelity,Situation Fidelity,5,5
instance,N001600,Rule Fidelity,Rule Fidelity,5,5
instance,N001600,Commonsense Validity,Instance-level commonsense rules,5,5
instance,N001602,Situation Fidelity,Situation Fidelity,5,5
instance,N001602,Rule Fidelity,Rule Fidelity,5,5
instance,N001602,Commonsense Validity,Instance-level commonsense rules,4,4
instance,N001603,Situation Fidelity,Situation Fidelity,5,5
instance,N001603,Rule Fidelity,Rule Fidelity,5,5
instance,N001603,Commonsense Validity,Instance-level commonsense rules,4,4
instance,N001605,Situation Fidelity,Situation Fidelity,5,5
instance,N001605,Rule Fidelity,Rule Fidelity,5,5
instance,N001605,Commonsense Validity,Instance-level commonsense rules,4,4
instance,N001606,Situation Fidelity,Situation Fidelity,5,5
instance,N001606,Rule Fidelity,Rule Fidelity,5,5
instance,N001606,Commonsense Validity,Instance-level commonsense rules,5,5
instance,N001615,Situation Fidelity,Situation Fidelity,5,5
instance,N001615,Rule Fidelity,Rule Fidelity,5,5
instance,N001615,Commonsense Validity,Instance-level commonsense rules,5,5
instance,N001616,Situation Fidelity,Situation Fidelity,5,5
instance,N001616,Rule Fidelity,Rule Fidelity,5,5
instance,N001616,Commonsense Validity,Instance-level commonsense rules,4,3
instance,N001621,Situation Fidelity,Situation Fidelity,5,5
instance,N001621,Rule Fidelity,Rule Fidelity,5,5
instance,N001621,Commonsense Validity,Instance-level commonsense rules,4,4
instance,N001629,Situation Fidelity,Situation Fidelity,5,5
instance,N001629,Rule Fidelity,Rule Fidelity,5,5
instance,N001629,Commonsense Validity,Instance-level commonsense rules,3,4
instance,N001637,Situation Fidelity,Situation Fidelity,5,5
instance,N001637,Rule Fidelity,Rule Fidelity,5,5
instance,N001637,Commonsense Validity,Instance-level commonsense rules,5,5
instance,N001644,Situation Fidelity,Situation Fidelity,5,5
instance,N001644,Rule Fidelity,Rule Fidelity,5,5
instance,N001644,Commonsense Validity,Instance-level commonsense rules,3,4
instance,N001653,Situation Fidelity,Situation Fidelity,5,5
instance,N001653,Rule Fidelity,Rule Fidelity,5,5
instance,N001653,Commonsense Validity,Instance-level commonsense rules,4,4
instance,N001661,Situation Fidelity,Situation Fidelity,5,5
instance,N001661,Rule Fidelity,Rule Fidelity,5,5
instance,N001661,Commonsense Validity,Instance-level commonsense rules,4,5
instance,N001665,Situation Fidelity,Situation Fidelity,5,5
instance,N001665,Rule Fidelity,Rule Fidelity,5,5
instance,N001665,Commonsense Validity,Instance-level commonsense rules,5,5
instance,N001668,Situation Fidelity,Situation Fidelity,5,5
instance,N001668,Rule Fidelity,Rule Fidelity,5,5
instance,N001668,Commonsense Validity,Instance-level commonsense rules,4,4
instance,N001673,Situation Fidelity,Situation Fidelity,5,5
instance,N001673,Rule Fidelity,Rule Fidelity,5,5
instance,N001673,Commonsense Validity,Instance-level commonsense rules,5,5
instance,N001675,Situation Fidelity,Situation Fidelity,5,5
instance,N001675,Rule Fidelity,Rule Fidelity,5,5
instance,N001675,Commonsense Validity,Instance-level commonsense rules,4,4
instance,N001681,Situation Fidelity,Situation Fidelity,5,5
instance,N001681,Rule Fidelity,Rule Fidelity,5,5
instance,N001681,Commonsense Validity,Instance-level commonsense rules,4,4
instance,N001685,Situation Fidelity,Situation Fidelity,5,5
instance,N001685,Rule Fidelity,Rule Fidelity,5,5
instance,N001685,Commonsense Validity,Instance-level commonsense rules,4,4
instance,N001690,Situation Fidelity,Situation Fidelity,5,5
instance,N001690,Rule Fidelity,Rule Fidelity,5,5
instance,N001690,Commonsense Validity,Instance-level commonsense rules,5,5
instance,N001693,Situation Fidelity,Situation Fidelity,5,5
instance,N001693,Rule Fidelity,Rule Fidelity,5,5
instance,N001693,Commonsense Validity,Instance-level commonsense rules,4,4
instance,N001699,Situation Fidelity,Situation Fidelity,5,5
instance,N001699,Rule Fidelity,Rule Fidelity,5,5
instance,N001699,Commonsense Validity,Instance-level commonsense rules,5,5
instance,N001706,Situation Fidelity,Situation Fidelity,5,5
instance,N001706,Rule Fidelity,Rule Fidelity,5,5
instance,N001706,Commonsense Validity,Instance-level commonsense rules,5,5
instance,N001713,Situation Fidelity,Situation Fidelity,5,5
instance,N001713,Rule Fidelity,Rule Fidelity,5,5
instance,N001713,Commonsense Validity,Instance-level commonsense rules,4,4
instance,N001716,Situation Fidelity,Situation Fidelity,5,5
instance,N001716,Rule Fidelity,Rule Fidelity,5,5
instance,N001716,Commonsense Validity,Instance-level commonsense rules,5,4
instance,N001728,Situation Fidelity,Situation Fidelity,5,5
instance,N001728,Rule Fidelity,Rule Fidelity,5,5
instance,N001728,Commonsense Validity,Instance-level commonsense rules,4,4
instance,N001730,Situation Fidelity,Situation Fidelity,4,4
instance,N001730,Rule Fidelity,Rule Fidelity,4,4
instance,N001730,Commonsense Validity,Instance-level commonsense rules,4,4
instance,N001732,Situation Fidelity,Situation Fidelity,5,5
instance,N001732,Rule Fidelity,Rule Fidelity,5,5
instance,N001732,Commonsense Validity,Instance-level commonsense rules,4,4
instance,N001735,Situation Fidelity,Situation Fidelity,5,5
instance,N001735,Rule Fidelity,Rule Fidelity,5,5
instance,N001735,Commonsense Validity,Instance-level commonsense rules,5,5
instance,N001736,Situation Fidelity,Situation Fidelity,5,5
instance,N001736,Rule Fidelity,Rule Fidelity,5,5
instance,N001736,Commonsense Validity,Instance-level commonsense rules,4,4
instance,N001739,Situation Fidelity,Situation Fidelity,5,5
instance,N001739,Rule Fidelity,Rule Fidelity,5,5
instance,N001739,Commonsense Validity,Instance-level commonsense rules,5,5
instance,N001747,Situation Fidelity,Situation Fidelity,5,5
instance,N001747,Rule Fidelity,Rule Fidelity,5,5
instance,N001747,Commonsense Validity,Instance-level commonsense rules,5,5
instance,N001757,Situation Fidelity,Situation Fidelity,5,5
instance,N001757,Rule Fidelity,Rule Fidelity,5,5
instance,N001757,Commonsense Validity,Instance-level commonsense rules,4,4
instance,N001758,Situation Fidelity,Situation Fidelity,5,5
instance,N001758,Rule Fidelity,Rule Fidelity,5,5
instance,N001758,Commonsense Validity,Instance-level commonsense rules,4,4
instance,N001761,Situation Fidelity,Situation Fidelity,5,5
instance,N001761,Rule Fidelity,Rule Fidelity,5,5
instance,N001761,Commonsense Validity,Instance-level commonsense rules,4,4
instance,N001769,Situation Fidelity,Situation Fidelity,5,5
instance,N001769,Rule Fidelity,Rule Fidelity,5,5
instance,N001769,Commonsense Validity,Instance-level commonsense rules,4,4
instance,N001773,Situation Fidelity,Situation Fidelity,5,5
instance,N001773,Rule Fidelity,Rule Fidelity,5,5
instance,N001773,Commonsense Validity,Instance-level commonsense rules,4,3
instance,N001776,Situation Fidelity,Situation Fidelity,5,5
instance,N001776,Rule Fidelity,Rule Fidelity,5,5
instance,N001776,Commonsense Validity,Instance-level commonsense rules,5,5
instance,N001778,Situation Fidelity,Situation Fidelity,5,5
instance,N001778,Rule Fidelity,Rule Fidelity,5,5
instance,N001778,Commonsense Validity,Instance-level commonsense rules,4,4
instance,N001780,Situation Fidelity,Situation Fidelity,5,5
instance,N001780,Rule Fidelity,Rule Fidelity,5,5
instance,N001780,Commonsense Validity,Instance-level commonsense rules,4,4
instance,N001784,Situation Fidelity,Situation Fidelity,5,5
instance,N001784,Rule Fidelity,Rule Fidelity,5,5
instance,N001784,Commonsense Validity,Instance-level commonsense rules,5,4
instance,N001792,Situation Fidelity,Situation Fidelity,5,5
instance,N001792,Rule Fidelity,Rule Fidelity,5,5
instance,N001792,Commonsense Validity,Instance-level commonsense rules,5,5
instance,N001795,Situation Fidelity,Situation Fidelity,5,5
instance,N001795,Rule Fidelity,Rule Fidelity,5,5
instance,N001795,Commonsense Validity,Instance-level commonsense rules,4,5
instance,V000024,Situation Fidelity,Situation Fidelity,5,5
instance,V000024,Rule Fidelity,Rule Fidelity,5,5
instance,V000024,Commonsense Validity,Instance-level commonsense rules,4,5
instance,V000026,Situation Fidelity,Situation Fidelity,5,5
instance,V000026,Rule Fidelity,Rule Fidelity,5,5
instance,V000026,Commonsense Validity,Instance-level commonsense rules,5,4
instance,V000063,Situation Fidelity,Situation Fidelity,5,5
instance,V000063,Rule Fidelity,Rule Fidelity,5,5
instance,V000063,Commonsense Validity,Instance-level commonsense rules,4,3
instance,V000092,Situation Fidelity,Situation Fidelity,5,5
instance,V000092,Rule Fidelity,Rule Fidelity,5,5
instance,V000092,Commonsense Validity,Instance-level commonsense rules,4,5
instance,V000093,Situation Fidelity,Situation Fidelity,5,5
instance,V000093,Rule Fidelity,Rule Fidelity,5,5
instance,V000093,Commonsense Validity,Instance-level commonsense rules,5,5
instance,V000094,Situation Fidelity,Situation Fidelity,5,5
instance,V000094,Rule Fidelity,Rule Fidelity,5,5
instance,V000094,Commonsense Validity,Instance-level commonsense rules,5,5
instance,V000096,Situation Fidelity,Situation Fidelity,5,5
instance,V000096,Rule Fidelity,Rule Fidelity,5,5
instance,V000096,Commonsense Validity,Instance-level commonsense rules,4,4
instance,V000097,Situation Fidelity,Situation Fidelity,5,5
instance,V000097,Rule Fidelity,Rule Fidelity,5,5
instance,V000097,Commonsense Validity,Instance-level commonsense rules,5,5
instance,V000099,Situation Fidelity,Situation Fidelity,5,5
instance,V000099,Rule Fidelity,Rule Fidelity,5,5
instance,V000099,Commonsense Validity,Instance-level commonsense rules,5,5
instance,V000100,Situation Fidelity,Situation Fidelity,5,5
instance,V000100,Rule Fidelity,Rule Fidelity,5,5
instance,V000100,Commonsense Validity,Instance-level commonsense rules,5,5
instance,V000111,Situation Fidelity,Situation Fidelity,5,5
instance,V000111,Rule Fidelity,Rule Fidelity,5,5
instance,V000111,Commonsense Validity,Instance-level commonsense rules,4,5
instance,V000115,Situation Fidelity,Situation Fidelity,5,5
instance,V000115,Rule Fidelity,Rule Fidelity,5,5
instance,V000115,Commonsense Validity,Instance-level commonsense rules,4,5
instance,V000116,Situation Fidelity,Situation Fidelity,5,5
instance,V000116,Rule Fidelity,Rule Fidelity,5,5
instance,V000116,Commonsense Validity,Instance-level commonsense rules,5,5
instance,V000118,Situation Fidelity,Situation Fidelity,5,5
instance,V000118,Rule Fidelity,Rule Fidelity,5,5
instance,V000118,Commonsense Validity,Instance-level commonsense rules,5,5
instance,V000120,Situation Fidelity,Situation Fidelity,5,5
instance,V000120,Rule Fidelity,Rule Fidelity,5,5
instance,V000120,Commonsense Validity,Instance-level commonsense rules,4,5
instance,V000121,Situation Fidelity,Situation Fidelity,5,5
instance,V000121,Rule Fidelity,Rule Fidelity,5,5
instance,V000121,Commonsense Validity,Instance-level commonsense rules,4,5
instance,V000123,Situation Fidelity,Situation Fidelity,5,5
instance,V000123,Rule Fidelity,Rule Fidelity,5,5
instance,V000123,Commonsense Validity,Instance-level commonsense rules,4,5
instance,V000125,Situation Fidelity,Situation Fidelity,5,5
instance,V000125,Rule Fidelity,Rule Fidelity,5,5
instance,V000125,Commonsense Validity,Instance-level commonsense rules,5,5
instance,V000129,Situation Fidelity,Situation Fidelity,5,5
instance,V000129,Rule Fidelity,Rule Fidelity,5,5
instance,V000129,Commonsense Validity,Instance-level commonsense rules,5,5
instance,V000131,Situation Fidelity,Situation Fidelity,5,5
instance,V000131,Rule Fidelity,Rule Fidelity,5,5
instance,V000131,Commonsense Validity,Instance-level commonsense rules,4,5
instance,V000133,Situation Fidelity,Situation Fidelity,5,5
instance,V000133,Rule Fidelity,Rule Fidelity,5,5
instance,V000133,Commonsense Validity,Instance-level commonsense rules,5,5
instance,V000137,Situation Fidelity,Situation Fidelity,5,5
instance,V000137,Rule Fidelity,Rule Fidelity,5,5
instance,V000137,Commonsense Validity,Instance-level commonsense rules,5,5
instance,V000141,Situation Fidelity,Situation Fidelity,5,5
instance,V000141,Rule Fidelity,Rule Fidelity,5,5
instance,V000141,Commonsense Validity,Instance-level commonsense rules,4,5
instance,V000144,Situation Fidelity,Situation Fidelity,5,5
instance,V000144,Rule Fidelity,Rule Fidelity,5,5
instance,V000144,Commonsense Validity,Instance-level commonsense rules,4,5
instance,V000146,Situation Fidelity,Situation Fidelity,5,5
instance,V000146,Rule Fidelity,Rule Fidelity,5,5
instance,V000146,Commonsense Validity,Instance-level commonsense rules,5,5
instance,V000148,Situation Fidelity,Situation Fidelity,5,5
instance,V000148,Rule Fidelity,Rule Fidelity,5,5
instance,V000148,Commonsense Validity,Instance-level commonsense rules,4,5
instance,V000175,Situation Fidelity,Situation Fidelity,5,5
instance,V000175,Rule Fidelity,Rule Fidelity,5,5
instance,V000175,Commonsense Validity,Instance-level commonsense rules,5,5
instance,V000198,Situation Fidelity,Situation Fidelity,5,5
instance,V000198,Rule Fidelity,Rule Fidelity,5,5
instance,V000198,Commonsense Validity,Instance-level commonsense rules,5,5
instance,V000212,Situation Fidelity,Situation Fidelity,5,5
instance,V000212,Rule Fidelity,Rule Fidelity,5,5
instance,V000212,Commonsense Validity,Instance-level commonsense rules,4,5
instance,V000219,Situation Fidelity,Situation Fidelity,5,5
instance,V000219,Rule Fidelity,Rule Fidelity,5,5
instance,V000219,Commonsense Validity,Instance-level commonsense rules,5,5
instance,V000220,Situation Fidelity,Situation Fidelity,5,5
instance,V000220,Rule Fidelity,Rule Fidelity,5,5
instance,V000220,Commonsense Validity,Instance-level commonsense rules,5,5
instance,V000237,Situation Fidelity,Situation Fidelity,5,5
instance,V000237,Rule Fidelity,Rule Fidelity,5,5
instance,V000237,Commonsense Validity,Instance-level commonsense rules,5,5
instance,V000243,Situation Fidelity,Situation Fidelity,5,5
instance,V000243,Rule Fidelity,Rule Fidelity,5,5
instance,V000243,Commonsense Validity,Instance-level commonsense rules,5,5
instance,V000246,Situation Fidelity,Situation Fidelity,5,5
instance,V000246,Rule Fidelity,Rule Fidelity,5,5
instance,V000246,Commonsense Validity,Instance-level commonsense rules,4,4
instance,V000249,Situation Fidelity,Situation Fidelity,5,5
instance,V000249,Rule Fidelity,Rule Fidelity,5,5
instance,V000249,Commonsense Validity,Instance-level commonsense rules,5,5
instance,V000253,Situation Fidelity,Situation Fidelity,4,4
instance,V000253,Rule Fidelity,Rule Fidelity,4,4
instance,V000253,Commonsense Validity,Instance-level commonsense rules,5,5
instance,V000259,Situation Fidelity,Situation Fidelity,5,5
instance,V000259,Rule Fidelity,Rule Fidelity,5,5
instance,V000259,Commonsense Validity,Instance-level commonsense rules,4,5
instance,V000263,Situation Fidelity,Situation Fidelity,5,5
instance,V000263,Rule Fidelity,Rule Fidelity,5,5
instance,V000263,Commonsense Validity,Instance-level commonsense rules,5,5
instance,V000265,Situation Fidelity,Situation Fidelity,5,5
instance,V000265,Rule Fidelity,Rule Fidelity,5,5
instance,V000265,Commonsense Validity,Instance-level commonsense rules,5,5
instance,V000269,Situation Fidelity,Situation Fidelity,5,5
instance,V000269,Rule Fidelity,Rule Fidelity,5,5
instance,V000269,Commonsense Validity,Instance-level commonsense rules,5,5
instance,V000270,Situation Fidelity,Situation Fidelity,5,5
instance,V000270,Rule Fidelity,Rule Fidelity,5,5
instance,V000270,Commonsense Validity,Instance-level commonsense rules,5,5
instance,V000271,Situation Fidelity,Situation Fidelity,5,5
instance,V000271,Rule Fidelity,Rule Fidelity,5,5
instance,V000271,Commonsense Validity,Instance-level commonsense rules,5,5
instance,V000272,Situation Fidelity,Situation Fidelity,5,5
instance,V000272,Rule Fidelity,Rule Fidelity,4,5
instance,V000272,Commonsense Validity,Instance-level commonsense rules,5,5
instance,V000273,Situation Fidelity,Situation Fidelity,5,5
instance,V000273,Rule Fidelity,Rule Fidelity,5,5
instance,V000273,Commonsense Validity,Instance-level commonsense rules,5,5
instance,V000276,Situation Fidelity,Situation Fidelity,5,5
instance,V000276,Rule Fidelity,Rule Fidelity,5,5
instance,V000276,Commonsense Validity,Instance-level commonsense rules,4,5
instance,V000280,Situation Fidelity,Situation Fidelity,5,5
instance,V000280,Rule Fidelity,Rule Fidelity,5,5
instance,V000280,Commonsense Validity,Instance-level commonsense rules,4,5
instance,V000283,Situation Fidelity,Situation Fidelity,5,5
instance,V000283,Rule Fidelity,Rule Fidelity,5,5
instance,V000283,Commonsense Validity,Instance-level commonsense rules,5,5
instance,V000288,Situation Fidelity,Situation Fidelity,5,5
instance,V000288,Rule Fidelity,Rule Fidelity,5,5
instance,V000288,Commonsense Validity,Instance-level commonsense rules,5,5
instance,V000291,Situation Fidelity,Situation Fidelity,5,5
instance,V000291,Rule Fidelity,Rule Fidelity,5,5
instance,V000291,Commonsense Validity,Instance-level commonsense rules,5,5
instance,V000345,Situation Fidelity,Situation Fidelity,5,5
instance,V000345,Rule Fidelity,Rule Fidelity,5,5
instance,V000345,Commonsense Validity,Instance-level commonsense rules,5,5
instance,V000352,Situation Fidelity,Situation Fidelity,5,5
instance,V000352,Rule Fidelity,Rule Fidelity,5,5
instance,V000352,Commonsense Validity,Instance-level commonsense rules,4,4
instance,V000354,Situation Fidelity,Situation Fidelity,5,5
instance,V000354,Rule Fidelity,Rule Fidelity,4,5
instance,V000354,Commonsense Validity,Instance-level commonsense rules,5,5
instance,V000355,Situation Fidelity,Situation Fidelity,5,5
instance,V000355,Rule Fidelity,Rule Fidelity,5,5
instance,V000355,Commonsense Validity,Instance-level commonsense rules,5,5
instance,V000357,Situation Fidelity,Situation Fidelity,5,5
instance,V000357,Rule Fidelity,Rule Fidelity,5,5
instance,V000357,Commonsense Validity,Instance-level commonsense rules,5,5
instance,V000358,Situation Fidelity,Situation Fidelity,5,5
instance,V000358,Rule Fidelity,Rule Fidelity,4,5
instance,V000358,Commonsense Validity,Instance-level commonsense rules,5,5
instance,V000362,Situation Fidelity,Situation Fidelity,4,5
instance,V000362,Rule Fidelity,Rule Fidelity,4,5
instance,V000362,Commonsense Validity,Instance-level commonsense rules,5,5
instance,V000364,Situation Fidelity,Situation Fidelity,5,5
instance,V000364,Rule Fidelity,Rule Fidelity,4,5
instance,V000364,Commonsense Validity,Instance-level commonsense rules,4,4
instance,V000365,Situation Fidelity,Situation Fidelity,5,5
instance,V000365,Rule Fidelity,Rule Fidelity,5,5
instance,V000365,Commonsense Validity,Instance-level commonsense rules,5,5
instance,V000367,Situation Fidelity,Situation Fidelity,5,5
instance,V000367,Rule Fidelity,Rule Fidelity,5,5
instance,V000367,Commonsense Validity,Instance-level commonsense rules,4,4
instance,V000372,Situation Fidelity,Situation Fidelity,5,4
instance,V000372,Rule Fidelity,Rule Fidelity,5,4
instance,V000372,Commonsense Validity,Instance-level commonsense rules,5,5
instance,V000373,Situation Fidelity,Situation Fidelity,4,4
instance,V000373,Rule Fidelity,Rule Fidelity,4,4
instance,V000373,Commonsense Validity,Instance-level commonsense rules,5,5
instance,V000376,Situation Fidelity,Situation Fidelity,4,4
instance,V000376,Rule Fidelity,Rule Fidelity,4,4
instance,V000376,Commonsense Validity,Instance-level commonsense rules,5,5
instance,V000379,Situation Fidelity,Situation Fidelity,5,5
instance,V000379,Rule Fidelity,Rule Fidelity,5,5
instance,V000379,Commonsense Validity,Instance-level commonsense rules,4,3
instance,V000381,Situation Fidelity,Situation Fidelity,5,5
instance,V000381,Rule Fidelity,Rule Fidelity,5,5
instance,V000381,Commonsense Validity,Instance-level commonsense rules,5,5
instance,V000387,Situation Fidelity,Situation Fidelity,5,5
instance,V000387,Rule Fidelity,Rule Fidelity,5,5
instance,V000387,Commonsense Validity,Instance-level commonsense rules,4,5
instance,V000390,Situation Fidelity,Situation Fidelity,5,5
instance,V000390,Rule Fidelity,Rule Fidelity,5,5
instance,V000390,Commonsense Validity,Instance-level commonsense rules,4,5
instance,V000401,Situation Fidelity,Situation Fidelity,4,4
instance,V000401,Rule Fidelity,Rule Fidelity,4,4
instance,V000401,Commonsense Validity,Instance-level commonsense rules,4,4
instance,V000402,Situation Fidelity,Situation Fidelity,4,4
instance,V000402,Rule Fidelity,Rule Fidelity,4,4
instance,V000402,Commonsense Validity,Instance-level commonsense rules,4,4
instance,V000419,Situation Fidelity,Situation Fidelity,5,5
instance,V000419,Rule Fidelity,Rule Fidelity,5,5
instance,V000419,Commonsense Validity,Instance-level commonsense rules,4,4
instance,V000425,Situation Fidelity,Situation Fidelity,5,5
instance,V000425,Rule Fidelity,Rule Fidelity,5,5
instance,V000425,Commonsense Validity,Instance-level commonsense rules,3,3
instance,V000430,Situation Fidelity,Situation Fidelity,5,5
instance,V000430,Rule Fidelity,Rule Fidelity,5,5
instance,V000430,Commonsense Validity,Instance-level commonsense rules,5,5
instance,V000431,Situation Fidelity,Situation Fidelity,4,4
instance,V000431,Rule Fidelity,Rule Fidelity,4,4
instance,V000431,Commonsense Validity,Instance-level commonsense rules,5,4
instance,V000432,Situation Fidelity,Situation Fidelity,5,5
instance,V000432,Rule Fidelity,Rule Fidelity,5,5
instance,V000432,Commonsense Validity,Instance-level commonsense rules,5,5
instance,V000433,Situation Fidelity,Situation Fidelity,5,5
instance,V000433,Rule Fidelity,Rule Fidelity,5,5
instance,V000433,Commonsense Validity,Instance-level commonsense rules,5,5
instance,V000434,Situation Fidelity,Situation Fidelity,5,5
instance,V000434,Rule Fidelity,Rule Fidelity,5,5
instance,V000434,Commonsense Validity,Instance-level commonsense rules,5,5
instance,V000435,Situation Fidelity,Situation Fidelity,4,5
instance,V000435,Rule Fidelity,Rule Fidelity,4,5
instance,V000435,Commonsense Validity,Instance-level commonsense rules,5,5
instance,V000436,Situation Fidelity,Situation Fidelity,5,5
instance,V000436,Rule Fidelity,Rule Fidelity,5,5
instance,V000436,Commonsense Validity,Instance-level commonsense rules,5,5
instance,V000437,Situation Fidelity,Situation Fidelity,5,5
instance,V000437,Rule Fidelity,Rule Fidelity,5,5
instance,V000437,Commonsense Validity,Instance-level commonsense rules,5,5
instance,V000438,Situation Fidelity,Situation Fidelity,5,5
instance,V000438,Rule Fidelity,Rule Fidelity,5,5
instance,V000438,Commonsense Validity,Instance-level commonsense rules,5,5
instance,V000439,Situation Fidelity,Situation Fidelity,5,5
instance,V000439,Rule Fidelity,Rule Fidelity,5,5
instance,V000439,Commonsense Validity,Instance-level commonsense rules,5,5
instance,V000440,Situation Fidelity,Situation Fidelity,5,5
instance,V000440,Rule Fidelity,Rule Fidelity,5,5
instance,V000440,Commonsense Validity,Instance-level commonsense rules,5,5
instance,V000442,Situation Fidelity,Situation Fidelity,5,5
instance,V000442,Rule Fidelity,Rule Fidelity,5,5
instance,V000442,Commonsense Validity,Instance-level commonsense rules,5,5
instance,V000445,Situation Fidelity,Situation Fidelity,5,5
instance,V000445,Rule Fidelity,Rule Fidelity,5,5
instance,V000445,Commonsense Validity,Instance-level commonsense rules,5,5
instance,V000447,Situation Fidelity,Situation Fidelity,5,5
instance,V000447,Rule Fidelity,Rule Fidelity,5,5
instance,V000447,Commonsense Validity,Instance-level commonsense rules,5,5
instance,V000450,Situation Fidelity,Situation Fidelity,5,5
instance,V000450,Rule Fidelity,Rule Fidelity,5,5
instance,V000450,Commonsense Validity,Instance-level commonsense rules,5,5
instance,V000451,Situation Fidelity,Situation Fidelity,5,5
instance,V000451,Rule Fidelity,Rule Fidelity,5,5
instance,V000451,Commonsense Validity,Instance-level commonsense rules,5,5
instance,V000453,Situation Fidelity,Situation Fidelity,5,5
instance,V000453,Rule Fidelity,Rule Fidelity,5,5
instance,V000453,Commonsense Validity,Instance-level commonsense rules,5,5
instance,V000455,Situation Fidelity,Situation Fidelity,5,5
instance,V000455,Rule Fidelity,Rule Fidelity,5,5
instance,V000455,Commonsense Validity,Instance-level commonsense rules,4,5
instance,V000467,Situation Fidelity,Situation Fidelity,5,5
instance,V000467,Rule Fidelity,Rule Fidelity,5,5
instance,V000467,Commonsense Validity,Instance-level commonsense rules,4,4
instance,V000470,Situation Fidelity,Situation Fidelity,5,5
instance,V000470,Rule Fidelity,Rule Fidelity,5,5
instance,V000470,Commonsense Validity,Instance-level commonsense rules,4,4
instance,V000472,Situation Fidelity,Situation Fidelity,4,4
instance,V000472,Rule Fidelity,Rule Fidelity,4,4
instance,V000472,Commonsense Validity,Instance-level commonsense rules,5,5
instance,V000477,Situation Fidelity,Situation Fidelity,5,5
instance,V000477,Rule Fidelity,Rule Fidelity,5,5
instance,V000477,Commonsense Validity,Instance-level commonsense rules,4,4
instance,V000485,Situation Fidelity,Situation Fidelity,5,5
instance,V000485,Rule Fidelity,Rule Fidelity,5,5
instance,V000485,Commonsense Validity,Instance-level commonsense rules,4,4
instance,V000500,Situation Fidelity,Situation Fidelity,5,5
instance,V000500,Rule Fidelity,Rule Fidelity,5,5
instance,V000500,Commonsense Validity,Instance-level commonsense rules,5,5
instance,V000505,Situation Fidelity,Situation Fidelity,5,5
instance,V000505,Rule Fidelity,Rule Fidelity,5,5
instance,V000505,Commonsense Validity,Instance-level commonsense rules,5,5
instance,V000506,Situation Fidelity,Situation Fidelity,5,5
instance,V000506,Rule Fidelity,Rule Fidelity,5,5
instance,V000506,Commonsense Validity,Instance-level commonsense rules,5,5
instance,V000507,Situation Fidelity,Situation Fidelity,5,5
instance,V000507,Rule Fidelity,Rule Fidelity,5,5
instance,V000507,Commonsense Validity,Instance-level commonsense rules,4,5
instance,V000509,Situation Fidelity,Situation Fidelity,5,5
instance,V000509,Rule Fidelity,Rule Fidelity,5,5
instance,V000509,Commonsense Validity,Instance-level commonsense rules,5,5
instance,V000510,Situation Fidelity,Situation Fidelity,4,4
instance,V000510,Rule Fidelity,Rule Fidelity,4,4
instance,V000510,Commonsense Validity,Instance-level commonsense rules,5,5
instance,V000513,Situation Fidelity,Situation Fidelity,5,5
instance,V000513,Rule Fidelity,Rule Fidelity,5,5
instance,V000513,Commonsense Validity,Instance-level commonsense rules,4,4
instance,V000517,Situation Fidelity,Situation Fidelity,5,5
instance,V000517,Rule Fidelity,Rule Fidelity,5,5
instance,V000517,Commonsense Validity,Instance-level commonsense rules,5,5
instance,V000520,Situation Fidelity,Situation Fidelity,5,5
instance,V000520,Rule Fidelity,Rule Fidelity,5,5
instance,V000520,Commonsense Validity,Instance-level commonsense rules,5,5
instance,V000524,Situation Fidelity,Situation Fidelity,5,5
instance,V000524,Rule Fidelity,Rule Fidelity,5,5
instance,V000524,Commonsense Validity,Instance-level commonsense rules,5,4
instance,V000532,Situation Fidelity,Situation Fidelity,5,5
instance,V000532,Rule Fidelity,Rule Fidelity,5,5
instance,V000532,Commonsense Validity,Instance-level commonsense rules,4,4
instance,V000535,Situation Fidelity,Situation Fidelity,5,5
instance,V000535,Rule Fidelity,Rule Fidelity,5,5
instance,V000535,Commonsense Validity,Instance-level commonsense rules,5,5
instance,V000537,Situation Fidelity,Situation Fidelity,5,5
instance,V000537,Rule Fidelity,Rule Fidelity,5,5
instance,V000537,Commonsense Validity,Instance-level commonsense rules,5,5
instance,V000538,Situation Fidelity,Situation Fidelity,5,5
instance,V000538,Rule Fidelity,Rule Fidelity,5,5
instance,V000538,Commonsense Validity,Instance-level commonsense rules,5,5
instance,V000540,Situation Fidelity,Situation Fidelity,5,5
instance,V000540,Rule Fidelity,Rule Fidelity,5,5
instance,V000540,Commonsense Validity,Instance-level commonsense rules,5,4
instance,V000541,Situation Fidelity,Situation Fidelity,5,5
instance,V000541,Rule Fidelity,Rule Fidelity,5,5
instance,V000541,Commonsense Validity,Instance-level commonsense rules,5,5
instance,V000549,Situation Fidelity,Situation Fidelity,5,5
instance,V000549,Rule Fidelity,Rule Fidelity,5,5
instance,V000549,Commonsense Validity,Instance-level commonsense rules,5,4
instance,V000551,Situation Fidelity,Situation Fidelity,5,5
instance,V000551,Rule Fidelity,Rule Fidelity,5,5
instance,V000551,Commonsense Validity,Instance-level commonsense rules,5,5
instance,V000553,Situation Fidelity,Situation Fidelity,5,5
instance,V000553,Rule Fidelity,Rule Fidelity,5,5
instance,V000553,Commonsense Validity,Instance-level commonsense rules,4,4
instance,V000565,Situation Fidelity,Situation Fidelity,5,5
instance,V000565,Rule Fidelity,Rule Fidelity,5,5
instance,V000565,Commonsense Validity,Instance-level commonsense rules,5,5
instance,V000570,Situation Fidelity,Situation Fidelity,5,5
instance,V000570,Rule Fidelity,Rule Fidelity,5,5
instance,V000570,Commonsense Validity,Instance-level commonsense rules,5,5
instance,V000573,Situation Fidelity,Situation Fidelity,5,5
instance,V000573,Rule Fidelity,Rule Fidelity,5,5
instance,V000573,Commonsense Validity,Instance-level commonsense rules,5,5
instance,V000577,Situation Fidelity,Situation Fidelity,5,5
instance,V000577,Rule Fidelity,Rule Fidelity,5,5
instance,V000577,Commonsense Validity,Instance-level commonsense rules,4,4
instance,V000578,Situation Fidelity,Situation Fidelity,5,5
instance,V000578,Rule Fidelity,Rule Fidelity,5,5
instance,V000578,Commonsense Validity,Instance-level commonsense rules,5,5
instance,V000586,Situation Fidelity,Situation Fidelity,5,5
instance,V000586,Rule Fidelity,Rule Fidelity,5,5
instance,V000586,Commonsense Validity,Instance-level commonsense rules,5,5
instance,V000600,Situation Fidelity,Situation Fidelity,5,5
instance,V000600,Rule Fidelity,Rule Fidelity,5,5
instance,V000600,Commonsense Validity,Instance-level commonsense rules,5,5
instance,V000601,Situation Fidelity,Situation Fidelity,4,4
instance,V000601,Rule Fidelity,Rule Fidelity,4,4
instance,V000601,Commonsense Validity,Instance-level commonsense rules,5,5
instance,V000602,Situation Fidelity,Situation Fidelity,5,5
instance,V000602,Rule Fidelity,Rule Fidelity,5,5
instance,V000602,Commonsense Validity,Instance-level commonsense rules,4,5
instance,V000604,Situation Fidelity,Situation Fidelity,5,5
instance,V000604,Rule Fidelity,Rule Fidelity,5,5
instance,V000604,Commonsense Validity,Instance-level commonsense rules,5,5
instance,V000613,Situation Fidelity,Situation Fidelity,5,5
instance,V000613,Rule Fidelity,Rule Fidelity,5,5
instance,V000613,Commonsense Validity,Instance-level commonsense rules,4,5
instance,V000614,Situation Fidelity,Situation Fidelity,5,5
instance,V000614,Rule Fidelity,Rule Fidelity,5,5
instance,V000614,Commonsense Validity,Instance-level commonsense rules,4,5
instance,V000615,Situation Fidelity,Situation Fidelity,5,5
instance,V000615,Rule Fidelity,Rule Fidelity,5,5
instance,V000615,Commonsense Validity,Instance-level commonsense rules,5,5
instance,V000656,Situation Fidelity,Situation Fidelity,5,5
instance,V000656,Rule Fidelity,Rule Fidelity,5,5
instance,V000656,Commonsense Validity,Instance-level commonsense rules,4,5
instance,V000657,Situation Fidelity,Situation Fidelity,5,5
instance,V000657,Rule Fidelity,Rule Fidelity,5,5
instance,V000657,Commonsense Validity,Instance-level commonsense rules,4,5
instance,V000658,Situation Fidelity,Situation Fidelity,5,5
instance,V000658,Rule Fidelity,Rule Fidelity,5,5
instance,V000658,Commonsense Validity,Instance-level commonsense rules,5,5
instance,V000660,Situation Fidelity,Situation Fidelity,5,5
instance,V000660,Rule Fidelity,Rule Fidelity,5,5
instance,V000660,Commonsense Validity,Instance-level commonsense rules,5,5
instance,V000662,Situation Fidelity,Situation Fidelity,5,5
instance,V000662,Rule Fidelity,Rule Fidelity,5,5
instance,V000662,Commonsense Validity,Instance-level commonsense rules,5,5
instance,V000663,Situation Fidelity,Situation Fidelity,5,5
instance,V000663,Rule Fidelity,Rule Fidelity,5,5
instance,V000663,Commonsense Validity,Instance-level commonsense rules,4,4
instance,V000668,Situation Fidelity,Situation Fidelity,5,5
instance,V000668,Rule Fidelity,Rule Fidelity,5,5
instance,V000668,Commonsense Validity,Instance-level commonsense rules,5,5
instance,V000671,Situation Fidelity,Situation Fidelity,5,5
instance,V000671,Rule Fidelity,Rule Fidelity,5,5
instance,V000671,Commonsense Validity,Instance-level commonsense rules,4,5
instance,V000672,Situation Fidelity,Situation Fidelity,5,5
instance,V000672,Rule Fidelity,Rule Fidelity,5,5
instance,V000672,Commonsense Validity,Instance-level commonsense rules,4,5
instance,V000681,Situation Fidelity,Situation Fidelity,5,5
instance,V000681,Rule Fidelity,Rule Fidelity,5,5
instance,V000681,Commonsense Validity,Instance-level commonsense rules,4,4
instance,V000682,Situation Fidelity,Situation Fidelity,5,5
instance,V000682,Rule Fidelity,Rule Fidelity,5,5
instance,V000682,Commonsense Validity,Instance-level commonsense rules,5,4
instance,V000710,Situation Fidelity,Situation Fidelity,5,5
instance,V000710,Rule Fidelity,Rule Fidelity,5,5
instance,V000710,Commonsense Validity,Instance-level commonsense rules,5,5
instance,V000711,Situation Fidelity,Situation Fidelity,5,5
instance,V000711,Rule Fidelity,Rule Fidelity,5,5
instance,V000711,Commonsense Validity,Instance-level commonsense rules,5,5
instance,V000730,Situation Fidelity,Situation Fidelity,5,5
instance,V000730,Rule Fidelity,Rule Fidelity,5,5
instance,V000730,Commonsense Validity,Instance-level commonsense rules,4,5
instance,V000737,Situation Fidelity,Situation Fidelity,5,5
instance,V000737,Rule Fidelity,Rule Fidelity,5,5
instance,V000737,Commonsense Validity,Instance-level commonsense rules,5,4
instance,V000738,Situation Fidelity,Situation Fidelity,5,5
instance,V000738,Rule Fidelity,Rule Fidelity,4,5
instance,V000738,Commonsense Validity,Instance-level commonsense rules,5,4
instance,V000743,Situation Fidelity,Situation Fidelity,5,5
instance,V000743,Rule Fidelity,Rule Fidelity,5,5
instance,V000743,Commonsense Validity,Instance-level commonsense rules,4,4
instance,V000763,Situation Fidelity,Situation Fidelity,5,5
instance,V000763,Rule Fidelity,Rule Fidelity,5,5
instance,V000763,Commonsense Validity,Instance-level commonsense rules,5,5
instance,V000764,Situation Fidelity,Situation Fidelity,5,5
instance,V000764,Rule Fidelity,Rule Fidelity,5,5
instance,V000764,Commonsense Validity,Instance-level commonsense rules,4,4
instance,V000768,Situation Fidelity,Situation Fidelity,5,5
instance,V000768,Rule Fidelity,Rule Fidelity,5,5
instance,V000768,Commonsense Validity,Instance-level commonsense rules,4,4
instance,V000771,Situation Fidelity,Situation Fidelity,5,5
instance,V000771,Rule Fidelity,Rule Fidelity,5,5
instance,V000771,Commonsense Validity,Instance-level commonsense rules,4,4
instance,V000783,Situation Fidelity,Situation Fidelity,5,5
instance,V000783,Rule Fidelity,Rule Fidelity,5,5
instance,V000783,Commonsense Validity,Instance-level commonsense rules,5,5
instance,V000791,Situation Fidelity,Situation Fidelity,5,5
instance,V000791,Rule Fidelity,Rule Fidelity,5,5
instance,V000791,Commonsense Validity,Instance-level commonsense rules,3,4
instance,V000798,Situation Fidelity,Situation Fidelity,5,5
instance,V000798,Rule Fidelity,Rule Fidelity,5,5
instance,V000798,Commonsense Validity,Instance-level commonsense rules,4,4
instance,V000801,Situation Fidelity,Situation Fidelity,5,5
instance,V000801,Rule Fidelity,Rule Fidelity,5,5
instance,V000801,Commonsense Validity,Instance-level commonsense rules,5,4
instance,V000805,Situation Fidelity,Situation Fidelity,5,5
instance,V000805,Rule Fidelity,Rule Fidelity,5,5
instance,V000805,Commonsense Validity,Instance-level commonsense rules,5,5
instance,V000806,Situation Fidelity,Situation Fidelity,5,5
instance,V000806,Rule Fidelity,Rule Fidelity,5,5
instance,V000806,Commonsense Validity,Instance-level commonsense rules,5,5
instance,V000818,Situation Fidelity,Situation Fidelity,5,5
instance,V000818,Rule Fidelity,Rule Fidelity,5,5
instance,V000818,Commonsense Validity,Instance-level commonsense rules,4,5
instance,V000821,Situation Fidelity,Situation Fidelity,5,5
instance,V000821,Rule Fidelity,Rule Fidelity,5,5
instance,V000821,Commonsense Validity,Instance-level commonsense rules,5,5
instance,V000823,Situation Fidelity,Situation Fidelity,5,5
instance,V000823,Rule Fidelity,Rule Fidelity,5,5
instance,V000823,Commonsense Validity,Instance-level commonsense rules,5,4
instance,V000824,Situation Fidelity,Situation Fidelity,5,5
instance,V000824,Rule Fidelity,Rule Fidelity,5,5
instance,V000824,Commonsense Validity,Instance-level commonsense rules,5,5
instance,V000825,Situation Fidelity,Situation Fidelity,5,5
instance,V000825,Rule Fidelity,Rule Fidelity,5,5
instance,V000825,Commonsense Validity,Instance-level commonsense rules,4,5
instance,V000830,Situation Fidelity,Situation Fidelity,5,5
instance,V000830,Rule Fidelity,Rule Fidelity,5,5
instance,V000830,Commonsense Validity,Instance-level commonsense rules,4,3
instance,V000843,Situation Fidelity,Situation Fidelity,5,5
instance,V000843,Rule Fidelity,Rule Fidelity,5,5
instance,V000843,Commonsense Validity,Instance-level commonsense rules,4,4
instance,V000846,Situation Fidelity,Situation Fidelity,5,5
instance,V000846,Rule Fidelity,Rule Fidelity,5,5
instance,V000846,Commonsense Validity,Instance-level commonsense rules,4,4
instance,V000849,Situation Fidelity,Situation Fidelity,5,5
instance,V000849,Rule Fidelity,Rule Fidelity,4,5
instance,V000849,Commonsense Validity,Instance-level commonsense rules,3,3
instance,V000853,Situation Fidelity,Situation Fidelity,5,5
instance,V000853,Rule Fidelity,Rule Fidelity,5,5
instance,V000853,Commonsense Validity,Instance-level commonsense rules,4,5
instance,V000857,Situation Fidelity,Situation Fidelity,5,5
instance,V000857,Rule Fidelity,Rule Fidelity,5,5
instance,V000857,Commonsense Validity,Instance-level commonsense rules,4,4
instance,V000860,Situation Fidelity,Situation Fidelity,5,5
instance,V000860,Rule Fidelity,Rule Fidelity,5,5
instance,V000860,Commonsense Validity,Instance-level commonsense rules,5,5
instance,V000879,Situation Fidelity,Situation Fidelity,5,5
instance,V000879,Rule Fidelity,Rule Fidelity,5,5
instance,V000879,Commonsense Validity,Instance-level commonsense rules,4,5
instance,V000880,Situation Fidelity,Situation Fidelity,5,5
instance,V000880,Rule Fidelity,Rule Fidelity,5,5
instance,V000880,Commonsense Validity,Instance-level commonsense rules,4,5
instance,V000881,Situation Fidelity,Situation Fidelity,5,5
instance,V000881,Rule Fidelity,Rule Fidelity,5,5
instance,V000881,Commonsense Validity,Instance-level commonsense rules,5,5
instance,V000887,Situation Fidelity,Situation Fidelity,5,5
instance,V000887,Rule Fidelity,Rule Fidelity,5,5
instance,V000887,Commonsense Validity,Instance-level commonsense rules,4,5
instance,V000893,Situation Fidelity,Situation Fidelity,5,5
instance,V000893,Rule Fidelity,Rule Fidelity,4,5
instance,V000893,Commonsense Validity,Instance-level commonsense rules,3,4
instance,V000894,Situation Fidelity,Situation Fidelity,5,5
instance,V000894,Rule Fidelity,Rule Fidelity,5,5
instance,V000894,Commonsense Validity,Instance-level commonsense rules,4,5
instance,V000906,Situation Fidelity,Situation Fidelity,5,5
instance,V000906,Rule Fidelity,Rule Fidelity,5,5
instance,V000906,Commonsense Validity,Instance-level commonsense rules,4,4
instance,V000907,Situation Fidelity,Situation Fidelity,5,5
instance,V000907,Rule Fidelity,Rule Fidelity,5,5
instance,V000907,Commonsense Validity,Instance-level commonsense rules,4,5
instance,V000913,Situation Fidelity,Situation Fidelity,5,5
instance,V000913,Rule Fidelity,Rule Fidelity,5,5
instance,V000913,Commonsense Validity,Instance-level commonsense rules,5,5
instance,V000933,Situation Fidelity,Situation Fidelity,5,5
instance,V000933,Rule Fidelity,Rule Fidelity,5,5
instance,V000933,Commonsense Validity,Instance-level commonsense rules,4,4
instance,V000940,Situation Fidelity,Situation Fidelity,5,5
instance,V000940,Rule Fidelity,Rule Fidelity,5,5
instance,V000940,Commonsense Validity,Instance-level commonsense rules,5,5
instance,V000951,Situation Fidelity,Situation Fidelity,5,5
instance,V000951,Rule Fidelity,Rule Fidelity,5,5
instance,V000951,Commonsense Validity,Instance-level commonsense rules,4,4
instance,V000976,Situation Fidelity,Situation Fidelity,5,5
instance,V000976,Rule Fidelity,Rule Fidelity,5,5
instance,V000976,Commonsense Validity,Instance-level commonsense rules,4,5
instance,V000978,Situation Fidelity,Situation Fidelity,5,5
instance,V000978,Rule Fidelity,Rule Fidelity,5,5
instance,V000978,Commonsense Validity,Instance-level commonsense rules,5,5
instance,V000981,Situation Fidelity,Situation Fidelity,5,5
instance,V000981,Rule Fidelity,Rule Fidelity,5,5
instance,V000981,Commonsense Validity,Instance-level commonsense rules,5,5
instance,V000985,Situation Fidelity,Situation Fidelity,5,5
instance,V000985,Rule Fidelity,Rule Fidelity,5,5
instance,V000985,Commonsense Validity,Instance-level commonsense rules,5,5
instance,V000994,Situation Fidelity,Situation Fidelity,5,5
instance,V000994,Rule Fidelity,Rule Fidelity,5,5
instance,V000994,Commonsense Validity,Instance-level commonsense rules,4,4
instance,V000997,Situation Fidelity,Situation Fidelity,5,5
instance,V000997,Rule Fidelity,Rule Fidelity,5,5
instance,V000997,Commonsense Validity,Instance-level commonsense rules,5,5
instance,V001011,Situation Fidelity,Situation Fidelity,5,5
instance,V001011,Rule Fidelity,Rule Fidelity,5,5
instance,V001011,Commonsense Validity,Instance-level commonsense rules,5,5
generalization,0.0.F3,Commonsense Validity,Generalized commonsense rules,5,5
generalization,0.0.F3,Grouping Coherence,Grouping Coherence,5,5
generalization,0.0.F3,Generalization Fidelity,Generalization Fidelity,5,5
generalization,0.1.F1,Commonsense Validity,Generalized commonsense rules,5,5
generalization,0.1.F1,Grouping Coherence,Grouping Coherence,5,5
generalization,0.1.F1,Generalization Fidelity,Generalization Fidelity,5,5
generalization,0.1.F4,Commonsense Validity,Generalized commonsense rules,5,5
generalization,0.1.F4,Grouping Coherence,Grouping Coherence,4,4
generalization,0.1.F4,Generalization Fidelity,Generalization Fidelity,3,3
generalization,0.10.F1,Commonsense Validity,Generalized commonsense rules,5,5
generalization,0.10.F1,Grouping Coherence,Grouping Coherence,5,5
generalization,0.10.F1,Generalization Fidelity,Generalization Fidelity,5,5
generalization,0.2.F2,Commonsense Validity,Generalized commonsense rules,4,5
generalization,0.2.F2,Grouping Coherence,Grouping Coherence,5,5
generalization,0.2.F2,Generalization Fidelity,Generalization Fidelity,5,5
generalization,1.5.F1,Commonsense Validity,Generalized commonsense rules,5,5
generalization,1.5.F1,Grouping Coherence,Grouping Coherence,5,5
generalization,1.5.F1,Generalization Fidelity,Generalization Fidelity,5,5
generalization,10.0.F6,Commonsense Validity,Generalized commonsense rules,4,4
generalization,10.0.F6,Grouping Coherence,Grouping Coherence,5,5
generalization,10.0.F6,Generalization Fidelity,Generalization Fidelity,5,5
generalization,10.2.F5,Commonsense Validity,Generalized commonsense rules,5,5
generalization,10.2.F5,Grouping Coherence,Grouping Coherence,5,5
generalization,10.2.F5,Generalization Fidelity,Generalization Fidelity,5,5
generalization,108.0.F1,Commonsense Validity,Generalized commonsense rules,5,5
generalization,108.0.F1,Grouping Coherence,Grouping Coherence,5,5
generalization,108.0.F1,Generalization Fidelity,Generalization Fidelity,5,5
generalization,12.1.F1,Commonsense Validity,Generalized commonsense rules,4,4
generalization,12.1.F1,Grouping Coherence,Grouping Coherence,5,5
generalization,12.1.F1,Generalization Fidelity,Generalization Fidelity,5,5
generalization,12.1.F4,Commonsense Validity,Generalized commonsense rules,5,5
generalization,12.1.F4,Grouping Coherence,Grouping Coherence,5,5
generalization,12.1.F4,Generalization Fidelity,Generalization Fidelity,5,5
generalization,14.0.F3,Commonsense Validity,Generalized commonsense rules,5,5
generalization,14.0.F3,Grouping Coherence,Grouping Coherence,4,4
generalization,14.0.F3,Generalization Fidelity,Generalization Fidelity,4,4
generalization,14.1.F1,Commonsense Validity,Generalized commonsense rules,4,4
generalization,14.1.F1,Grouping Coherence,Grouping Coherence,5,5
generalization,14.1.F1,Generalization Fidelity,Generalization Fidelity,5,5
generalization,14.2.F3,Commonsense Validity,Generalized commonsense rules,4,4
generalization,14.2.F3,Grouping Coherence,Grouping Coherence,5,5
generalization,14.2.F3,Generalization Fidelity,Generalization Fidelity,5,5
generalization,14.3.F2,Commonsense Validity,Generalized commonsense rules,3,4
generalization,14.3.F2,Grouping Coherence,Grouping Coherence,5,5
generalization,14.3.F2,Generalization Fidelity,Generalization Fidelity,5,5
generalization,15.2.F1,Commonsense Validity,Generalized commonsense rules,4,5
generalization,15.2.F1,Grouping Coherence,Grouping Coherence,5,5
generalization,15.2.F1,Generalization Fidelity,Generalization Fidelity,5,5
generalization,16.0.F1,Commonsense Validity,Generalized commonsense rules,5,5
generalization,16.0.F1,Grouping Coherence,Grouping Coherence,5,5
generalization,16.0.F1,Generalization Fidelity,Generalization Fidelity,5,5
generalization,16.0.F2,Commonsense Validity,Generalized commonsense rules,4,5
generalization,16.0.F2,Grouping Coherence,Grouping Coherence,5,5
generalization,16.0.F2,Generalization Fidelity,Generalization Fidelity,5,5
generalization,17.0.F2,Commonsense Validity,Generalized commonsense rules,4,5
generalization,17.0.F2,Grouping Coherence,Grouping Coherence,5,5
generalization,17.0.F2,Generalization Fidelity,Generalization Fidelity,5,5
generalization,17.4.F2,Commonsense Validity,Generalized commonsense rules,5,5
generalization,17.4.F2,Grouping Coherence,Grouping Coherence,5,5
generalization,17.4.F2,Generalization Fidelity,Generalization Fidelity,5,5
generalization,18.3.F1,Commonsense Validity,Generalized commonsense rules,4,4
generalization,18.3.F1,Grouping Coherence,Grouping Coherence,5,5
generalization,18.3.F1,Generalization Fidelity,Generalization Fidelity,5,5
generalization,19.2.F1,Commonsense Validity,Generalized commonsense rules,5,4
generalization,19.2.F1,Grouping Coherence,Grouping Coherence,5,5
generalization,19.2.F1,Generalization Fidelity,Generalization Fidelity,5,5
generalization,19.2.F4,Commonsense Validity,Generalized commonsense rules,5,5
generalization,19.2.F4,Grouping Coherence,Grouping Coherence,5,4
generalization,19.2.F4,Generalization Fidelity,Generalization Fidelity,5,4
generalization,19.3.F1,Commonsense Validity,Generalized commonsense rules,4,4
generalization,19.3.F1,Grouping Coherence,Grouping Coherence,5,5
generalization,19.3.F1,Generalization Fidelity,Generalization Fidelity,5,5
generalization,20.1.F1,Commonsense Validity,Generalized commonsense rules,4,5
generalization,20.1.F1,Grouping Coherence,Grouping Coherence,5,5
generalization,20.1.F1,Generalization Fidelity,Generalization Fidelity,5,5
generalization,21.0.F6,Commonsense Validity,Generalized commonsense rules,5,5
generalization,21.0.F6,Grouping Coherence,Grouping Coherence,5,5
generalization,21.0.F6,Generalization Fidelity,Generalization Fidelity,5,5
generalization,21.1.F1,Commonsense Validity,Generalized commonsense rules,5,5
generalization,21.1.F1,Grouping Coherence,Grouping Coherence,5,4
generalization,21.1.F1,Generalization Fidelity,Generalization Fidelity,5,4
generalization,22.3.F2,Commonsense Validity,Generalized commonsense rules,4,4
generalization,22.3.F2,Grouping Coherence,Grouping Coherence,5,5
generalization,22.3.F2,Generalization Fidelity,Generalization Fidelity,5,5
generalization,23.1.F3,Commonsense Validity,Generalized commonsense rules,5,5
generalization,23.1.F3,Grouping Coherence,Grouping Coherence,5,5
generalization,23.1.F3,Generalization Fidelity,Generalization Fidelity,5,5
generalization,24.0.F4,Commonsense Validity,Generalized commonsense rules,4,4
generalization,24.0.F4,Grouping Coherence,Grouping Coherence,5,5
generalization,24.0.F4,Generalization Fidelity,Generalization Fidelity,5,5
generalization,24.4.F1,Commonsense Validity,Generalized commonsense rules,5,5
generalization,24.4.F1,Grouping Coherence,Grouping Coherence,5,5
generalization,24.4.F1,Generalization Fidelity,Generalization Fidelity,5,5
generalization,25.2.F2,Commonsense Validity,Generalized commonsense rules,5,5
generalization,25.2.F2,Grouping Coherence,Grouping Coherence,5,4
generalization,25.2.F2,Generalization Fidelity,Generalization Fidelity,5,4
generalization,27.2.F1,Commonsense Validity,Generalized commonsense rules,5,5
generalization,27.2.F1,Grouping Coherence,Grouping Coherence,5,5
generalization,27.2.F1,Generalization Fidelity,Generalization Fidelity,5,5
generalization,3.0.F3,Commonsense Validity,Generalized commonsense rules,3,5
generalization,3.0.F3,Grouping Coherence,Grouping Coherence,5,5
generalization,3.0.F3,Generalization Fidelity,Generalization Fidelity,5,5
generalization,3.3.F1,Commonsense Validity,Generalized commonsense rules,5,5
generalization,3.3.F1,Grouping Coherence,Grouping Coherence,5,5
generalization,3.3.F1,Generalization Fidelity,Generalization Fidelity,5,5
generalization,32.0.F1,Commonsense Validity,Generalized commonsense rules,4,5
generalization,32.0.F1,Grouping Coherence,Grouping Coherence,5,5
generalization,32.0.F1,Generalization Fidelity,Generalization Fidelity,5,5
generalization,36.0.F2,Commonsense Validity,Generalized commonsense rules,5,5
generalization,36.0.F2,Grouping Coherence,Grouping Coherence,5,5
generalization,36.0.F2,Generalization Fidelity,Generalization Fidelity,5,5
generalization,4.0.F5,Commonsense Validity,Generalized commonsense rules,4,5
generalization,4.0.F5,Grouping Coherence,Grouping Coherence,5,5
generalization,4.0.F5,Generalization Fidelity,Generalization Fidelity,5,5
generalization,4.3.F1,Commonsense Validity,Generalized commonsense rules,5,5
generalization,4.3.F1,Grouping Coherence,Grouping Coherence,5,5
generalization,4.3.F1,Generalization Fidelity,Generalization Fidelity,5,5
generalization,40.0.F2,Commonsense Validity,Generalized commonsense rules,3,4
generalization,40.0.F2,Grouping Coherence,Grouping Coherence,5,5
generalization,40.0.F2,Generalization Fidelity,Generalization Fidelity,5,5
generalization,42.0.F1,Commonsense Validity,Generalized commonsense rules,5,5
generalization,42.0.F1,Grouping Coherence,Grouping Coherence,5,5
generalization,42.0.F1,Generalization Fidelity,Generalization Fidelity,5,5
generalization,45.0.F1,Commonsense Validity,Generalized commonsense rules,5,5
generalization,45.0.F1,Grouping Coherence,Grouping Coherence,5,5
generalization,45.0.F1,Generalization Fidelity,Generalization Fidelity,5,5
generalization,47.0.F1,Commonsense Validity,Generalized commonsense rules,5,5
generalization,47.0.F1,Grouping Coherence,Grouping Coherence,5,5
generalization,47.0.F1,Generalization Fidelity,Generalization Fidelity,5,5
generalization,5.1.F3,Commonsense Validity,Generalized commonsense rules,5,5
generalization,5.1.F3,Grouping Coherence,Grouping Coherence,4,5
generalization,5.1.F3,Generalization Fidelity,Generalization Fidelity,4,5
generalization,57.0.F1,Commonsense Validity,Generalized commonsense rules,5,5
generalization,57.0.F1,Grouping Coherence,Grouping Coherence,5,5
generalization,57.0.F1,Generalization Fidelity,Generalization Fidelity,5,5
generalization,60.0.F1,Commonsense Validity,Generalized commonsense rules,4,4
generalization,60.0.F1,Grouping Coherence,Grouping Coherence,5,5
generalization,60.0.F1,Generalization Fidelity,Generalization Fidelity,5,5
generalization,68.0.F1,Commonsense Validity,Generalized commonsense rules,5,5
generalization,68.0.F1,Grouping Coherence,Grouping Coherence,5,5
generalization,68.0.F1,Generalization Fidelity,Generalization Fidelity,5,5
generalization,7.0.F2,Commonsense Validity,Generalized commonsense rules,5,5
generalization,7.0.F2,Grouping Coherence,Grouping Coherence,5,5
generalization,7.0.F2,Generalization Fidelity,Generalization Fidelity,5,5
generalization,7.0.F4,Commonsense Validity,Generalized commonsense rules,5,5
generalization,7.0.F4,Grouping Coherence,Grouping Coherence,5,5
generalization,7.0.F4,Generalization Fidelity,Generalization Fidelity,5,5
generalization,7.3.F4,Commonsense Validity,Generalized commonsense rules,5,5
generalization,7.3.F4,Grouping Coherence,Grouping Coherence,5,5
generalization,7.3.F4,Generalization Fidelity,Generalization Fidelity,5,5
generalization,9.3.F3,Commonsense Validity,Generalized commonsense rules,5,5
generalization,9.3.F3,Grouping Coherence,Grouping Coherence,5,5
generalization,9.3.F3,Generalization Fidelity,Generalization Fidelity,5,5
generalization,C0001.G04.F4,Commonsense Validity,Generalized commonsense rules,5,5
generalization,C0001.G04.F4,Grouping Coherence,Grouping Coherence,5,5
generalization,C0001.G04.F4,Generalization Fidelity,Generalization Fidelity,5,5
generalization,C0001.G05.F4,Commonsense Validity,Generalized commonsense rules,4,4
generalization,C0001.G05.F4,Grouping Coherence,Grouping Coherence,5,5
generalization,C0001.G05.F4,Generalization Fidelity,Generalization Fidelity,5,5
generalization,C0002.G04.F1,Commonsense Validity,Generalized commonsense rules,5,5
generalization,C0002.G04.F1,Grouping Coherence,Grouping Coherence,5,5
generalization,C0002.G04.F1,Generalization Fidelity,Generalization Fidelity,5,5
generalization,C0002.G04.F2,Commonsense Validity,Generalized commonsense rules,4,5
generalization,C0002.G04.F2,Grouping Coherence,Grouping Coherence,5,5
generalization,C0002.G04.F2,Generalization Fidelity,Generalization Fidelity,5,5
generalization,C0003.G01.F1,Commonsense Validity,Generalized commonsense rules,4,5
generalization,C0003.G01.F1,Grouping Coherence,Grouping Coherence,5,5
generalization,C0003.G01.F1,Generalization Fidelity,Generalization Fidelity,5,5
generalization,C0003.G03.F3,Commonsense Validity,Generalized commonsense rules,5,5
generalization,C0003.G03.F3,Grouping Coherence,Grouping Coherence,5,5
generalization,C0003.G03.F3,Generalization Fidelity,Generalization Fidelity,5,5
generalization,C0004.G03.F2,Commonsense Validity,Generalized commonsense rules,5,5
generalization,C0004.G03.F2,Grouping Coherence,Grouping Coherence,5,5
generalization,C0004.G03.F2,Generalization Fidelity,Generalization Fidelity,5,5
generalization,C0006.G01.F1,Commonsense Validity,Generalized commonsense rules,5,5
generalization,C0006.G01.F1,Grouping Coherence,Grouping Coherence,5,5
generalization,C0006.G01.F1,Generalization Fidelity,Generalization Fidelity,5,5
generalization,C0007.G01.F2,Commonsense Validity,Generalized commonsense rules,5,5
generalization,C0007.G01.F2,Grouping Coherence,Grouping Coherence,5,5
generalization,C0007.G01.F2,Generalization Fidelity,Generalization Fidelity,5,5
generalization,C0007.G03.F1,Commonsense Validity,Generalized commonsense rules,5,5
generalization,C0007.G03.F1,Grouping Coherence,Grouping Coherence,5,5
generalization,C0007.G03.F1,Generalization Fidelity,Generalization Fidelity,5,5
generalization,C0008.G01.F1,Commonsense Validity,Generalized commonsense rules,5,5
generalization,C0008.G01.F1,Grouping Coherence,Grouping Coherence,5,5
generalization,C0008.G01.F1,Generalization Fidelity,Generalization Fidelity,5,5
generalization,C0008.G01.F2,Commonsense Validity,Generalized commonsense rules,5,5
generalization,C0008.G01.F2,Grouping Coherence,Grouping Coherence,5,5
generalization,C0008.G01.F2,Generalization Fidelity,Generalization Fidelity,5,5
generalization,C0008.G01.F3,Commonsense Validity,Generalized commonsense rules,5,5
generalization,C0008.G01.F3,Grouping Coherence,Grouping Coherence,5,5
generalization,C0008.G01.F3,Generalization Fidelity,Generalization Fidelity,5,5
generalization,C0011.G02.F1,Commonsense Validity,Generalized commonsense rules,5,5
generalization,C0011.G02.F1,Grouping Coherence,Grouping Coherence,5,5
generalization,C0011.G02.F1,Generalization Fidelity,Generalization Fidelity,5,5
generalization,C0015.G01.F1,Commonsense Validity,Generalized commonsense rules,4,5
generalization,C0015.G01.F1,Grouping Coherence,Grouping Coherence,5,5
generalization,C0015.G01.F1,Generalization Fidelity,Generalization Fidelity,5,5
generalization,C0015.G01.F2,Commonsense Validity,Generalized commonsense rules,4,5
generalization,C0015.G01.F2,Grouping Coherence,Grouping Coherence,5,5
generalization,C0015.G01.F2,Generalization Fidelity,Generalization Fidelity,5,5
generalization,C0015.G01.F3,Commonsense Validity,Generalized commonsense rules,5,5
generalization,C0015.G01.F3,Grouping Coherence,Grouping Coherence,5,5
generalization,C0015.G01.F3,Generalization Fidelity,Generalization Fidelity,5,5
generalization,C0016.G02.F2,Commonsense Validity,Generalized commonsense rules,5,5
generalization,C0016.G02.F2,Grouping Coherence,Grouping Coherence,5,5
generalization,C0016.G02.F2,Generalization Fidelity,Generalization Fidelity,5,5
generalization,C0017.G01.F2,Commonsense Validity,Generalized commonsense rules,3,4
generalization,C0017.G01.F2,Grouping Coherence,Grouping Coherence,5,5
generalization,C0017.G01.F2,Generalization Fidelity,Generalization Fidelity,5,5
generalization,C0018.G01.F3,Commonsense Validity,Generalized commonsense rules,5,5
generalization,C0018.G01.F3,Grouping Coherence,Grouping Coherence,5,5
generalization,C0018.G01.F3,Generalization Fidelity,Generalization Fidelity,5,5
generalization,C0020.G02.F1,Commonsense Validity,Generalized commonsense rules,5,5
generalization,C0020.G02.F1,Grouping Coherence,Grouping Coherence,5,5
generalization,C0020.G02.F1,Generalization Fidelity,Generalization Fidelity,5,5
generalization,C0020.G02.F2,Commonsense Validity,Generalized commonsense rules,5,5
generalization,C0020.G02.F2,Grouping Coherence,Grouping Coherence,5,5
generalization,C0020.G02.F2,Generalization Fidelity,Generalization Fidelity,5,5
generalization,C0021.G01.F2,Commonsense Validity,Generalized commonsense rules,5,5
generalization,C0021.G01.F2,Grouping Coherence,Grouping Coherence,5,5
generalization,C0021.G01.F2,Generalization Fidelity,Generalization Fidelity,5,5
generalization,C0022.G01.F2,Commonsense Validity,Generalized commonsense rules,4,4
generalization,C0022.G01.F2,Grouping Coherence,Grouping Coherence,5,5
generalization,C0022.G01.F2,Generalization Fidelity,Generalization Fidelity,5,5
generalization,C0022.G02.F3,Commonsense Validity,Generalized commonsense rules,4,4
generalization,C0022.G02.F3,Grouping Coherence,Grouping Coherence,5,5
generalization,C0022.G02.F3,Generalization Fidelity,Generalization Fidelity,5,5
generalization,C0023.G01.F2,Commonsense Validity,Generalized commonsense rules,4,4
generalization,C0023.G01.F2,Grouping Coherence,Grouping Coherence,5,5
generalization,C0023.G01.F2,Generalization Fidelity,Generalization Fidelity,5,5
generalization,C0023.G02.F1,Commonsense Validity,Generalized commonsense rules,5,5
generalization,C0023.G02.F1,Grouping Coherence,Grouping Coherence,5,5
generalization,C0023.G02.F1,Generalization Fidelity,Generalization Fidelity,5,5
generalization,C0024.G01.F3,Commonsense Validity,Generalized commonsense rules,5,5
generalization,C0024.G01.F3,Grouping Coherence,Grouping Coherence,5,5
generalization,C0024.G01.F3,Generalization Fidelity,Generalization Fidelity,5,5
generalization,C0027.G01.F1,Commonsense Validity,Generalized commonsense rules,5,5
generalization,C0027.G01.F1,Grouping Coherence,Grouping Coherence,5,5
generalization,C0027.G01.F1,Generalization Fidelity,Generalization Fidelity,5,5
generalization,C0028.G01.F1,Commonsense Validity,Generalized commonsense rules,5,5
generalization,C0028.G01.F1,Grouping Coherence,Grouping Coherence,5,5
generalization,C0028.G01.F1,Generalization Fidelity,Generalization Fidelity,5,5
generalization,C0029.G01.F1,Commonsense Validity,Generalized commonsense rules,3,3
generalization,C0029.G01.F1,Grouping Coherence,Grouping Coherence,5,5
generalization,C0029.G01.F1,Generalization Fidelity,Generalization Fidelity,5,5
generalization,C0029.G02.F1,Commonsense Validity,Generalized commonsense rules,4,4
generalization,C0029.G02.F1,Grouping Coherence,Grouping Coherence,4,5
generalization,C0029.G02.F1,Generalization Fidelity,Generalization Fidelity,4,5
generalization,C0029.G02.F2,Commonsense Validity,Generalized commonsense rules,4,4
generalization,C0029.G02.F2,Grouping Coherence,Grouping Coherence,5,5
generalization,C0029.G02.F2,Generalization Fidelity,Generalization Fidelity,5,5
generalization,C0030.G01.F1,Commonsense Validity,Generalized commonsense rules,5,5
generalization,C0030.G01.F1,Grouping Coherence,Grouping Coherence,5,5
generalization,C0030.G01.F1,Generalization Fidelity,Generalization Fidelity,5,5
generalization,C0031.G01.F2,Commonsense Validity,Generalized commonsense rules,4,5
generalization,C0031.G01.F2,Grouping Coherence,Grouping Coherence,5,5
generalization,C0031.G01.F2,Generalization Fidelity,Generalization Fidelity,4,4
generalization,C0035.G01.F1,Commonsense Validity,Generalized commonsense rules,5,5
generalization,C0035.G01.F1,Grouping Coherence,Grouping Coherence,5,5
generalization,C0035.G01.F1,Generalization Fidelity,Generalization Fidelity,5,5
generalization,C0035.G01.F2,Commonsense Validity,Generalized commonsense rules,5,5
generalization,C0035.G01.F2,Grouping Coherence,Grouping Coherence,5,5
generalization,C0035.G01.F2,Generalization Fidelity,Generalization Fidelity,5,5
generalization,C0036.G01.F1,Commonsense Validity,Generalized commonsense rules,4,5
generalization,C0036.G01.F1,Grouping Coherence,Grouping Coherence,5,5
generalization,C0036.G01.F1,Generalization Fidelity,Generalization Fidelity,5,5
generalization,C0037.G01.F1,Commonsense Validity,Generalized commonsense rules,5,5
generalization,C0037.G01.F1,Grouping Coherence,Grouping Coherence,5,5
generalization,C0037.G01.F1,Generalization Fidelity,Generalization Fidelity,5,5
generalization,C0038.G01.F1,Commonsense Validity,Generalized commonsense rules,5,5
generalization,C0038.G01.F1,Grouping Coherence,Grouping Coherence,5,5
generalization,C0038.G01.F1,Generalization Fidelity,Generalization Fidelity,5,5
generalization,C0040.G01.F1,Commonsense Validity,Generalized commonsense rules,5,5
generalization,C0040.G01.F1,Grouping Coherence,Grouping Coherence,5,5
generalization,C0040.G01.F1,Generalization Fidelity,Generalization Fidelity,5,5
generalization,C0042.G01.F1,Commonsense Validity,Generalized commonsense rules,5,5
generalization,C0042.G01.F1,Grouping Coherence,Grouping Coherence,5,5
generalization,C0042.G01.F1,Generalization Fidelity,Generalization Fidelity,5,5
generalization,C0044.G01.F1,Commonsense Validity,Generalized commonsense rules,5,5
generalization,C0044.G01.F1,Grouping Coherence,Grouping Coherence,5,5
generalization,C0044.G01.F1,Generalization Fidelity,Generalization Fidelity,5,5
generalization,C0053.G01.F2,Commonsense Validity,Generalized commonsense rules,4,5
generalization,C0053.G01.F2,Grouping Coherence,Grouping Coherence,5,5
generalization,C0053.G01.F2,Generalization Fidelity,Generalization Fidelity,5,5
generalization,C0054.G01.F1,Commonsense Validity,Generalized commonsense rules,5,5
generalization,C0054.G01.F1,Grouping Coherence,Grouping Coherence,5,5
generalization,C0054.G01.F1,Generalization Fidelity,Generalization Fidelity,5,5
generalization,C0057.G01.F1,Commonsense Validity,Generalized commonsense rules,4,5
generalization,C0057.G01.F1,Grouping Coherence,Grouping Coherence,5,5
generalization,C0057.G01.F1,Generalization Fidelity,Generalization Fidelity,5,5
generalization,C0058.G01.F2,Commonsense Validity,Generalized commonsense rules,4,5
generalization,C0058.G01.F2,Grouping Coherence,Grouping Coherence,5,5
generalization,C0058.G01.F2,Generalization Fidelity,Generalization Fidelity,5,5
generalization,C0061.G01.F2,Commonsense Validity,Generalized commonsense rules,5,5
generalization,C0061.G01.F2,Grouping Coherence,Grouping Coherence,5,5
generalization,C0061.G01.F2,Generalization Fidelity,Generalization Fidelity,5,5
generalization,C0065.G01.F2,Commonsense Validity,Generalized commonsense rules,4,5
generalization,C0065.G01.F2,Grouping Coherence,Grouping Coherence,5,5
generalization,C0065.G01.F2,Generalization Fidelity,Generalization Fidelity,5,5
generalization,C0070.G01.F1,Commonsense Validity,Generalized commonsense rules,3,3
generalization,C0070.G01.F1,Grouping Coherence,Grouping Coherence,5,5
generalization,C0070.G01.F1,Generalization Fidelity,Generalization Fidelity,5,5
generalization,C0074.G01.F1,Commonsense Validity,Generalized commonsense rules,4,5
generalization,C0074.G01.F1,Grouping Coherence,Grouping Coherence,5,5
generalization,C0074.G01.F1,Generalization Fidelity,Generalization Fidelity,5,5
generalization,C0078.G01.F1,Commonsense Validity,Generalized commonsense rules,5,5
generalization,C0078.G01.F1,Grouping Coherence,Grouping Coherence,5,5
generalization,C0078.G01.F1,Generalization Fidelity,Generalization Fidelity,5,5
generalization,C0082.G01.F1,Commonsense Validity,Generalized commonsense rules,4,5
generalization,C0082.G01.F1,Grouping Coherence,Grouping Coherence,5,5
generalization,C0082.G01.F1,Generalization Fidelity,Generalization Fidelity,5,5
generalization,C0084.G01.F1,Commonsense Validity,Generalized commonsense rules,5,5
generalization,C0084.G01.F1,Grouping Coherence,Grouping Coherence,5,5
generalization,C0084.G01.F1,Generalization Fidelity,Generalization Fidelity,5,5
generalization,NM0002,Commonsense Validity,Generalized commonsense rules,5,5
generalization,NM0002,Grouping Coherence,Grouping Coherence,5,5
generalization,NM0002,Generalization Fidelity,Generalization Fidelity,5,5
generalization,NM0004,Commonsense Validity,Generalized commonsense rules,5,5
generalization,NM0004,Grouping Coherence,Grouping Coherence,5,5
generalization,NM0004,Generalization Fidelity,Generalization Fidelity,5,3
generalization,NM0007,Commonsense Validity,Generalized commonsense rules,5,5
generalization,NM0007,Grouping Coherence,Grouping Coherence,5,5
generalization,NM0007,Generalization Fidelity,Generalization Fidelity,5,5
generalization,NM0012,Commonsense Validity,Generalized commonsense rules,4,5
generalization,NM0012,Grouping Coherence,Grouping Coherence,5,5
generalization,NM0012,Generalization Fidelity,Generalization Fidelity,5,5
generalization,NM0018,Commonsense Validity,Generalized commonsense rules,4,5
generalization,NM0018,Grouping Coherence,Grouping Coherence,5,5
generalization,NM0018,Generalization Fidelity,Generalization Fidelity,5,5
generalization,NM0027,Commonsense Validity,Generalized commonsense rules,4,4
generalization,NM0027,Grouping Coherence,Grouping Coherence,5,5
generalization,NM0027,Generalization Fidelity,Generalization Fidelity,5,5
generalization,NM0028,Commonsense Validity,Generalized commonsense rules,4,4
generalization,NM0028,Grouping Coherence,Grouping Coherence,5,5
generalization,NM0028,Generalization Fidelity,Generalization Fidelity,5,5
generalization,NM0029,Commonsense Validity,Generalized commonsense rules,4,4
generalization,NM0029,Grouping Coherence,Grouping Coherence,5,5
generalization,NM0029,Generalization Fidelity,Generalization Fidelity,5,5
generalization,NM0040,Commonsense Validity,Generalized commonsense rules,3,3
generalization,NM0040,Grouping Coherence,Grouping Coherence,5,5
generalization,NM0040,Generalization Fidelity,Generalization Fidelity,5,5
generalization,NM0047,Commonsense Validity,Generalized commonsense rules,5,5
generalization,NM0047,Grouping Coherence,Grouping Coherence,5,5
generalization,NM0047,Generalization Fidelity,Generalization Fidelity,5,5
generalization,NM0054,Commonsense Validity,Generalized commonsense rules,4,4
generalization,NM0054,Grouping Coherence,Grouping Coherence,5,5
generalization,NM0054,Generalization Fidelity,Generalization Fidelity,5,5
generalization,NM0058,Commonsense Validity,Generalized commonsense rules,4,4
generalization,NM0058,Grouping Coherence,Grouping Coherence,5,5
generalization,NM0058,Generalization Fidelity,Generalization Fidelity,5,5
generalization,NM0063,Commonsense Validity,Generalized commonsense rules,5,5
generalization,NM0063,Grouping Coherence,Grouping Coherence,5,5
generalization,NM0063,Generalization Fidelity,Generalization Fidelity,5,5
generalization,NM0065,Commonsense Validity,Generalized commonsense rules,5,5
generalization,NM0065,Grouping Coherence,Grouping Coherence,5,5
generalization,NM0065,Generalization Fidelity,Generalization Fidelity,5,5
generalization,NM0069,Commonsense Validity,Generalized commonsense rules,5,5
generalization,NM0069,Grouping Coherence,Grouping Coherence,4,5
generalization,NM0069,Generalization Fidelity,Generalization Fidelity,3,3
generalization,NM0070,Commonsense Validity,Generalized commonsense rules,5,5
generalization,NM0070,Grouping Coherence,Grouping Coherence,5,5
generalization,NM0070,Generalization Fidelity,Generalization Fidelity,5,5
generalization,NM0072,Commonsense Validity,Generalized commonsense rules,5,5
generalization,NM0072,Grouping Coherence,Grouping Coherence,5,5
generalization,NM0072,Generalization Fidelity,Generalization Fidelity,5,5
generalization,NM0078,Commonsense Validity,Generalized commonsense rules,3,3
generalization,NM0078,Grouping Coherence,Grouping Coherence,5,5
generalization,NM0078,Generalization Fidelity,Generalization Fidelity,5,5
generalization,NM0085,Commonsense Validity,Generalized commonsense rules,5,4
generalization,NM0085,Grouping Coherence,Grouping Coherence,5,5
generalization,NM0085,Generalization Fidelity,Generalization Fidelity,5,5
generalization,NM0086,Commonsense Validity,Generalized commonsense rules,3,4
generalization,NM0086,Grouping Coherence,Grouping Coherence,5,5
generalization,NM0086,Generalization Fidelity,Generalization Fidelity,5,5
generalization,NM0088,Commonsense Validity,Generalized commonsense rules,5,5
generalization,NM0088,Grouping Coherence,Grouping Coherence,5,5
generalization,NM0088,Generalization Fidelity,Generalization Fidelity,5,5
generalization,NM0099,Commonsense Validity,Generalized commonsense rules,5,5
generalization,NM0099,Grouping Coherence,Grouping Coherence,5,5
generalization,NM0099,Generalization Fidelity,Generalization Fidelity,5,5
generalization,NM0101,Commonsense Validity,Generalized commonsense rules,5,5
generalization,NM0101,Grouping Coherence,Grouping Coherence,5,5
generalization,NM0101,Generalization Fidelity,Generalization Fidelity,5,5
generalization,NM0108,Commonsense Validity,Generalized commonsense rules,5,5
generalization,NM0108,Grouping Coherence,Grouping Coherence,5,5
generalization,NM0108,Generalization Fidelity,Generalization Fidelity,5,5
generalization,NM0112,Commonsense Validity,Generalized commonsense rules,4,5
generalization,NM0112,Grouping Coherence,Grouping Coherence,5,5
generalization,NM0112,Generalization Fidelity,Generalization Fidelity,5,5
generalization,NM0113,Commonsense Validity,Generalized commonsense rules,4,5
generalization,NM0113,Grouping Coherence,Grouping Coherence,5,5
generalization,NM0113,Generalization Fidelity,Generalization Fidelity,5,5
generalization,NM0114,Commonsense Validity,Generalized commonsense rules,5,5
generalization,NM0114,Grouping Coherence,Grouping Coherence,5,5
generalization,NM0114,Generalization Fidelity,Generalization Fidelity,5,5
generalization,NM0117,Commonsense Validity,Generalized commonsense rules,3,3
generalization,NM0117,Grouping Coherence,Grouping Coherence,5,5
generalization,NM0117,Generalization Fidelity,Generalization Fidelity,5,5
generalization,NM0121,Commonsense Validity,Generalized commonsense rules,5,5
generalization,NM0121,Grouping Coherence,Grouping Coherence,5,5
generalization,NM0121,Generalization Fidelity,Generalization Fidelity,5,5
generalization,NM0123,Commonsense Validity,Generalized commonsense rules,4,5
generalization,NM0123,Grouping Coherence,Grouping Coherence,5,5
generalization,NM0123,Generalization Fidelity,Generalization Fidelity,5,5
generalization,NM0133,Commonsense Validity,Generalized commonsense rules,5,5
generalization,NM0133,Grouping Coherence,Grouping Coherence,5,5
generalization,NM0133,Generalization Fidelity,Generalization Fidelity,5,5
generalization,NM0135,Commonsense Validity,Generalized commonsense rules,5,5
generalization,NM0135,Grouping Coherence,Grouping Coherence,4,5
generalization,NM0135,Generalization Fidelity,Generalization Fidelity,4,4
generalization,NM0136,Commonsense Validity,Generalized commonsense rules,5,5
generalization,NM0136,Grouping Coherence,Grouping Coherence,5,5
generalization,NM0136,Generalization Fidelity,Generalization Fidelity,5,5
generalization,NM0137,Commonsense Validity,Generalized commonsense rules,4,4
generalization,NM0137,Grouping Coherence,Grouping Coherence,5,5
generalization,NM0137,Generalization Fidelity,Generalization Fidelity,5,5
generalization,NM0138,Commonsense Validity,Generalized commonsense rules,4,5
generalization,NM0138,Grouping Coherence,Grouping Coherence,5,5
generalization,NM0138,Generalization Fidelity,Generalization Fidelity,5,5
generalization,NM0144,Commonsense Validity,Generalized commonsense rules,5,4
generalization,NM0144,Grouping Coherence,Grouping Coherence,5,5
generalization,NM0144,Generalization Fidelity,Generalization Fidelity,5,5
generalization,NM0150,Commonsense Validity,Generalized commonsense rules,4,5
generalization,NM0150,Grouping Coherence,Grouping Coherence,5,5
generalization,NM0150,Generalization Fidelity,Generalization Fidelity,5,5
generalization,NM0151,Commonsense Validity,Generalized commonsense rules,4,4
generalization,NM0151,Grouping Coherence,Grouping Coherence,5,5
generalization,NM0151,Generalization Fidelity,Generalization Fidelity,5,5
generalization,NM0154,Commonsense Validity,Generalized commonsense rules,4,4
generalization,NM0154,Grouping Coherence,Grouping Coherence,5,5
generalization,NM0154,Generalization Fidelity,Generalization Fidelity,5,5
generalization,NM0155,Commonsense Validity,Generalized commonsense rules,4,4
generalization,NM0155,Grouping Coherence,Grouping Coherence,5,5
generalization,NM0155,Generalization Fidelity,Generalization Fidelity,5,5
generalization,NM0163,Commonsense Validity,Generalized commonsense rules,5,5
generalization,NM0163,Grouping Coherence,Grouping Coherence,5,5
generalization,NM0163,Generalization Fidelity,Generalization Fidelity,5,5
generalization,NM0179,Commonsense Validity,Generalized commonsense rules,5,5
generalization,NM0179,Grouping Coherence,Grouping Coherence,5,5
generalization,NM0179,Generalization Fidelity,Generalization Fidelity,5,5
generalization,NM0181,Commonsense Validity,Generalized commonsense rules,3,3
generalization,NM0181,Grouping Coherence,Grouping Coherence,5,5
generalization,NM0181,Generalization Fidelity,Generalization Fidelity,5,5
generalization,NM0195,Commonsense Validity,Generalized commonsense rules,4,4
generalization,NM0195,Grouping Coherence,Grouping Coherence,5,5
generalization,NM0195,Generalization Fidelity,Generalization Fidelity,5,5
generalization,NM0196,Commonsense Validity,Generalized commonsense rules,5,5
generalization,NM0196,Grouping Coherence,Grouping Coherence,5,5
generalization,NM0196,Generalization Fidelity,Generalization Fidelity,5,5
generalization,NM0200,Commonsense Validity,Generalized commonsense rules,4,4
generalization,NM0200,Grouping Coherence,Grouping Coherence,5,5
generalization,NM0200,Generalization Fidelity,Generalization Fidelity,5,5
generalization,NM0204,Commonsense Validity,Generalized commonsense rules,4,5
generalization,NM0204,Grouping Coherence,Grouping Coherence,5,5
generalization,NM0204,Generalization Fidelity,Generalization Fidelity,5,5
generalization,NM0208,Commonsense Validity,Generalized commonsense rules,4,4
generalization,NM0208,Grouping Coherence,Grouping Coherence,5,5
generalization,NM0208,Generalization Fidelity,Generalization Fidelity,5,5
generalization,NM0216,Commonsense Validity,Generalized commonsense rules,5,4
generalization,NM0216,Grouping Coherence,Grouping Coherence,5,5
generalization,NM0216,Generalization Fidelity,Generalization Fidelity,5,5
generalization,NM0217,Commonsense Validity,Generalized commonsense rules,4,4
generalization,NM0217,Grouping Coherence,Grouping Coherence,5,5
generalization,NM0217,Generalization Fidelity,Generalization Fidelity,5,5
generalization,NM0223,Commonsense Validity,Generalized commonsense rules,5,5
generalization,NM0223,Grouping Coherence,Grouping Coherence,5,5
generalization,NM0223,Generalization Fidelity,Generalization Fidelity,5,5
generalization,NM0227,Commonsense Validity,Generalized commonsense rules,5,5
generalization,NM0227,Grouping Coherence,Grouping Coherence,5,5
generalization,NM0227,Generalization Fidelity,Generalization Fidelity,5,5
generalization,NM0231,Commonsense Validity,Generalized commonsense rules,4,4
generalization,NM0231,Grouping Coherence,Grouping Coherence,5,5
generalization,NM0231,Generalization Fidelity,Generalization Fidelity,5,5
generalization,NM0233,Commonsense Validity,Generalized commonsense rules,3,3
generalization,NM0233,Grouping Coherence,Grouping Coherence,5,5
generalization,NM0233,Generalization Fidelity,Generalization Fidelity,5,5
generalization,NM0235,Commonsense Validity,Generalized commonsense rules,5,4
generalization,NM0235,Grouping Coherence,Grouping Coherence,5,5
generalization,NM0235,Generalization Fidelity,Generalization Fidelity,5,5
generalization,NM0236,Commonsense Validity,Generalized commonsense rules,5,5
generalization,NM0236,Grouping Coherence,Grouping Coherence,5,5
generalization,NM0236,Generalization Fidelity,Generalization Fidelity,5,5
generalization,NM0249,Commonsense Validity,Generalized commonsense rules,5,5
generalization,NM0249,Grouping Coherence,Grouping Coherence,5,5
generalization,NM0249,Generalization Fidelity,Generalization Fidelity,5,5
generalization,NM0250,Commonsense Validity,Generalized commonsense rules,4,5
generalization,NM0250,Grouping Coherence,Grouping Coherence,5,5
generalization,NM0250,Generalization Fidelity,Generalization Fidelity,5,5
generalization,NM0258,Commonsense Validity,Generalized commonsense rules,5,5
generalization,NM0258,Grouping Coherence,Grouping Coherence,5,5
generalization,NM0258,Generalization Fidelity,Generalization Fidelity,5,5
generalization,NM0262,Commonsense Validity,Generalized commonsense rules,5,5
generalization,NM0262,Grouping Coherence,Grouping Coherence,5,5
generalization,NM0262,Generalization Fidelity,Generalization Fidelity,5,5
generalization,NM0265,Commonsense Validity,Generalized commonsense rules,5,5
generalization,NM0265,Grouping Coherence,Grouping Coherence,2,2
generalization,NM0265,Generalization Fidelity,Generalization Fidelity,2,2
generalization,NM0269,Commonsense Validity,Generalized commonsense rules,4,5
generalization,NM0269,Grouping Coherence,Grouping Coherence,5,5
generalization,NM0269,Generalization Fidelity,Generalization Fidelity,5,5
generalization,NM0272,Commonsense Validity,Generalized commonsense rules,5,5
generalization,NM0272,Grouping Coherence,Grouping Coherence,5,5
generalization,NM0272,Generalization Fidelity,Generalization Fidelity,5,5
generalization,NM0275,Commonsense Validity,Generalized commonsense rules,5,5
generalization,NM0275,Grouping Coherence,Grouping Coherence,5,5
generalization,NM0275,Generalization Fidelity,Generalization Fidelity,5,5
generalization,NM0280,Commonsense Validity,Generalized commonsense rules,4,4
generalization,NM0280,Grouping Coherence,Grouping Coherence,5,5
generalization,NM0280,Generalization Fidelity,Generalization Fidelity,5,5
generalization,NM0287,Commonsense Validity,Generalized commonsense rules,4,3
generalization,NM0287,Grouping Coherence,Grouping Coherence,5,5
generalization,NM0287,Generalization Fidelity,Generalization Fidelity,5,5
generalization,NM0292,Commonsense Validity,Generalized commonsense rules,4,4
generalization,NM0292,Grouping Coherence,Grouping Coherence,5,5
generalization,NM0292,Generalization Fidelity,Generalization Fidelity,5,5
generalization,NM0309,Commonsense Validity,Generalized commonsense rules,4,4
generalization,NM0309,Grouping Coherence,Grouping Coherence,5,5
generalization,NM0309,Generalization Fidelity,Generalization Fidelity,5,5
generalization,NM0315,Commonsense Validity,Generalized commonsense rules,5,5
generalization,NM0315,Grouping Coherence,Grouping Coherence,5,5
generalization,NM0315,Generalization Fidelity,Generalization Fidelity,5,5
generalization,NM0317,Commonsense Validity,Generalized commonsense rules,5,5
generalization,NM0317,Grouping Coherence,Grouping Coherence,5,5
generalization,NM0317,Generalization Fidelity,Generalization Fidelity,5,5
generalization,NM0320,Commonsense Validity,Generalized commonsense rules,3,5
generalization,NM0320,Grouping Coherence,Grouping Coherence,5,5
generalization,NM0320,Generalization Fidelity,Generalization Fidelity,5,5
generalization,NM0339,Commonsense Validity,Generalized commonsense rules,3,3
generalization,NM0339,Grouping Coherence,Grouping Coherence,5,5
generalization,NM0339,Generalization Fidelity,Generalization Fidelity,5,5
generalization,NM0351,Commonsense Validity,Generalized commonsense rules,4,4
generalization,NM0351,Grouping Coherence,Grouping Coherence,5,5
generalization,NM0351,Generalization Fidelity,Generalization Fidelity,5,5
generalization,NM0357,Commonsense Validity,Generalized commonsense rules,5,5
generalization,NM0357,Grouping Coherence,Grouping Coherence,5,5
generalization,NM0357,Generalization Fidelity,Generalization Fidelity,5,5
generalization,NM0362,Commonsense Validity,Generalized commonsense rules,4,5
generalization,NM0362,Grouping Coherence,Grouping Coherence,5,5
generalization,NM0362,Generalization Fidelity,Generalization Fidelity,5,5
generalization,NM0394,Commonsense Validity,Generalized commonsense rules,4,4
generalization,NM0394,Grouping Coherence,Grouping Coherence,5,5
generalization,NM0394,Generalization Fidelity,Generalization Fidelity,5,5
generalization,NM0403,Commonsense Validity,Generalized commonsense rules,5,5
generalization,NM0403,Grouping Coherence,Grouping Coherence,5,5
generalization,NM0403,Generalization Fidelity,Generalization Fidelity,5,5
generalization,NM0404,Commonsense Validity,Generalized commonsense rules,4,4
generalization,NM0404,Grouping Coherence,Grouping Coherence,5,5
generalization,NM0404,Generalization Fidelity,Generalization Fidelity,5,5
generalization,NM0411,Commonsense Validity,Generalized commonsense rules,4,4
generalization,NM0411,Grouping Coherence,Grouping Coherence,5,5
generalization,NM0411,Generalization Fidelity,Generalization Fidelity,5,5
generalization,NM0415,Commonsense Validity,Generalized commonsense rules,4,5
generalization,NM0415,Grouping Coherence,Grouping Coherence,5,5
generalization,NM0415,Generalization Fidelity,Generalization Fidelity,5,5
generalization,NM0428,Commonsense Validity,Generalized commonsense rules,3,3
generalization,NM0428,Grouping Coherence,Grouping Coherence,5,5
generalization,NM0428,Generalization Fidelity,Generalization Fidelity,5,5
generalization,NM0436,Commonsense Validity,Generalized commonsense rules,5,5
generalization,NM0436,Grouping Coherence,Grouping Coherence,5,4
generalization,NM0436,Generalization Fidelity,Generalization Fidelity,5,4
generalization,NM0437,Commonsense Validity,Generalized commonsense rules,5,5
generalization,NM0437,Grouping Coherence,Grouping Coherence,5,5
generalization,NM0437,Generalization Fidelity,Generalization Fidelity,5,5
generalization,NM0456,Commonsense Validity,Generalized commonsense rules,4,4
generalization,NM0456,Grouping Coherence,Grouping Coherence,5,5
generalization,NM0456,Generalization Fidelity,Generalization Fidelity,5,5
generalization,NM0459,Commonsense Validity,Generalized commonsense rules,3,3
generalization,NM0459,Grouping Coherence,Grouping Coherence,5,5
generalization,NM0459,Generalization Fidelity,Generalization Fidelity,5,5
generalization,NM0462,Commonsense Validity,Generalized commonsense rules,4,5
generalization,NM0462,Grouping Coherence,Grouping Coherence,5,5
generalization,NM0462,Generalization Fidelity,Generalization Fidelity,5,5
generalization,NM0466,Commonsense Validity,Generalized commonsense rules,4,5
generalization,NM0466,Grouping Coherence,Grouping Coherence,5,5
generalization,NM0466,Generalization Fidelity,Generalization Fidelity,5,5
generalization,NM0472,Commonsense Validity,Generalized commonsense rules,4,4
generalization,NM0472,Grouping Coherence,Grouping Coherence,5,5
generalization,NM0472,Generalization Fidelity,Generalization Fidelity,5,5
generalization,NM0478,Commonsense Validity,Generalized commonsense rules,4,3
generalization,NM0478,Grouping Coherence,Grouping Coherence,5,5
generalization,NM0478,Generalization Fidelity,Generalization Fidelity,5,5
generalization,NM0479,Commonsense Validity,Generalized commonsense rules,5,5
generalization,NM0479,Grouping Coherence,Grouping Coherence,5,5
generalization,NM0479,Generalization Fidelity,Generalization Fidelity,5,4
generalization,NM0481,Commonsense Validity,Generalized commonsense rules,5,5
generalization,NM0481,Grouping Coherence,Grouping Coherence,5,5
generalization,NM0481,Generalization Fidelity,Generalization Fidelity,5,5
generalization,NM0483,Commonsense Validity,Generalized commonsense rules,4,5
generalization,NM0483,Grouping Coherence,Grouping Coherence,5,5
generalization,NM0483,Generalization Fidelity,Generalization Fidelity,5,5
generalization,NM0485,Commonsense Validity,Generalized commonsense rules,5,5
generalization,NM0485,Grouping Coherence,Grouping Coherence,5,5
generalization,NM0485,Generalization Fidelity,Generalization Fidelity,5,5
generalization,NM0489,Commonsense Validity,Generalized commonsense rules,5,5
generalization,NM0489,Grouping Coherence,Grouping Coherence,5,5
generalization,NM0489,Generalization Fidelity,Generalization Fidelity,5,5
generalization,NM0490,Commonsense Validity,Generalized commonsense rules,4,5
generalization,NM0490,Grouping Coherence,Grouping Coherence,5,5
generalization,NM0490,Generalization Fidelity,Generalization Fidelity,4,5
generalization,NM0495,Commonsense Validity,Generalized commonsense rules,4,4
generalization,NM0495,Grouping Coherence,Grouping Coherence,5,5
generalization,NM0495,Generalization Fidelity,Generalization Fidelity,5,5
generalization,NM0501,Commonsense Validity,Generalized commonsense rules,4,4
generalization,NM0501,Grouping Coherence,Grouping Coherence,5,5
generalization,NM0501,Generalization Fidelity,Generalization Fidelity,5,5
generalization,NM0507,Commonsense Validity,Generalized commonsense rules,5,5
generalization,NM0507,Grouping Coherence,Grouping Coherence,5,5
generalization,NM0507,Generalization Fidelity,Generalization Fidelity,5,5
generalization,NM0510,Commonsense Validity,Generalized commonsense rules,5,5
generalization,NM0510,Grouping Coherence,Grouping Coherence,5,5
generalization,NM0510,Generalization Fidelity,Generalization Fidelity,4,5
generalization,NM0515,Commonsense Validity,Generalized commonsense rules,4,4
generalization,NM0515,Grouping Coherence,Grouping Coherence,5,5
generalization,NM0515,Generalization Fidelity,Generalization Fidelity,5,5
generalization,NM0521,Commonsense Validity,Generalized commonsense rules,4,3
generalization,NM0521,Grouping Coherence,Grouping Coherence,5,5
generalization,NM0521,Generalization Fidelity,Generalization Fidelity,5,5
generalization,NM0522,Commonsense Validity,Generalized commonsense rules,4,4
generalization,NM0522,Grouping Coherence,Grouping Coherence,5,5
generalization,NM0522,Generalization Fidelity,Generalization Fidelity,5,5
generalization,NM0543,Commonsense Validity,Generalized commonsense rules,4,5
generalization,NM0543,Grouping Coherence,Grouping Coherence,5,5
generalization,NM0543,Generalization Fidelity,Generalization Fidelity,5,5
generalization,NM0544,Commonsense Validity,Generalized commonsense rules,4,5
generalization,NM0544,Grouping Coherence,Grouping Coherence,5,5
generalization,NM0544,Generalization Fidelity,Generalization Fidelity,5,5
generalization,NM0552,Commonsense Validity,Generalized commonsense rules,5,4
generalization,NM0552,Grouping Coherence,Grouping Coherence,5,5
generalization,NM0552,Generalization Fidelity,Generalization Fidelity,5,5
generalization,NM0553,Commonsense Validity,Generalized commonsense rules,4,4
generalization,NM0553,Grouping Coherence,Grouping Coherence,5,5
generalization,NM0553,Generalization Fidelity,Generalization Fidelity,5,5
generalization,NM0554,Commonsense Validity,Generalized commonsense rules,4,3
generalization,NM0554,Grouping Coherence,Grouping Coherence,5,5
generalization,NM0554,Generalization Fidelity,Generalization Fidelity,5,5
generalization,NM0558,Commonsense Validity,Generalized commonsense rules,4,5
generalization,NM0558,Grouping Coherence,Grouping Coherence,5,5
generalization,NM0558,Generalization Fidelity,Generalization Fidelity,5,5
generalization,NM0560,Commonsense Validity,Generalized commonsense rules,4,4
generalization,NM0560,Grouping Coherence,Grouping Coherence,5,5
generalization,NM0560,Generalization Fidelity,Generalization Fidelity,5,5
generalization,NM0563,Commonsense Validity,Generalized commonsense rules,4,5
generalization,NM0563,Grouping Coherence,Grouping Coherence,5,5
generalization,NM0563,Generalization Fidelity,Generalization Fidelity,5,5
generalization,NM0568,Commonsense Validity,Generalized commonsense rules,4,4
generalization,NM0568,Grouping Coherence,Grouping Coherence,5,5
generalization,NM0568,Generalization Fidelity,Generalization Fidelity,5,5
generalization,NM0570,Commonsense Validity,Generalized commonsense rules,4,4
generalization,NM0570,Grouping Coherence,Grouping Coherence,5,5
generalization,NM0570,Generalization Fidelity,Generalization Fidelity,5,4
generalization,NM0579,Commonsense Validity,Generalized commonsense rules,4,4
generalization,NM0579,Grouping Coherence,Grouping Coherence,5,5
generalization,NM0579,Generalization Fidelity,Generalization Fidelity,5,5
generalization,NM0580,Commonsense Validity,Generalized commonsense rules,4,4
generalization,NM0580,Grouping Coherence,Grouping Coherence,5,5
generalization,NM0580,Generalization Fidelity,Generalization Fidelity,5,5
generalization,NM0588,Commonsense Validity,Generalized commonsense rules,4,4
generalization,NM0588,Grouping Coherence,Grouping Coherence,5,3
generalization,NM0588,Generalization Fidelity,Generalization Fidelity,3,3
generalization,NM0590,Commonsense Validity,Generalized commonsense rules,4,5
generalization,NM0590,Grouping Coherence,Grouping Coherence,5,5
generalization,NM0590,Generalization Fidelity,Generalization Fidelity,5,5
generalization,NM0597,Commonsense Validity,Generalized commonsense rules,4,4
generalization,NM0597,Grouping Coherence,Grouping Coherence,5,5
generalization,NM0597,Generalization Fidelity,Generalization Fidelity,5,5
generalization,NM0600,Commonsense Validity,Generalized commonsense rules,5,5
generalization,NM0600,Grouping Coherence,Grouping Coherence,5,5
generalization,NM0600,Generalization Fidelity,Generalization Fidelity,5,5
generalization,NM0603,Commonsense Validity,Generalized commonsense rules,5,5
generalization,NM0603,Grouping Coherence,Grouping Coherence,5,5
generalization,NM0603,Generalization Fidelity,Generalization Fidelity,5,5
generalization,NM0606,Commonsense Validity,Generalized commonsense rules,3,4
generalization,NM0606,Grouping Coherence,Grouping Coherence,5,5
generalization,NM0606,Generalization Fidelity,Generalization Fidelity,5,5
generalization,NM0612,Commonsense Validity,Generalized commonsense rules,5,4
generalization,NM0612,Grouping Coherence,Grouping Coherence,5,5
generalization,NM0612,Generalization Fidelity,Generalization Fidelity,5,5
generalization,NM0615,Commonsense Validity,Generalized commonsense rules,4,4
generalization,NM0615,Grouping Coherence,Grouping Coherence,5,5
generalization,NM0615,Generalization Fidelity,Generalization Fidelity,5,5
generalization,NM0622,Commonsense Validity,Generalized commonsense rules,5,4
generalization,NM0622,Grouping Coherence,Grouping Coherence,4,5
generalization,NM0622,Generalization Fidelity,Generalization Fidelity,3,3
generalization,NM0639,Commonsense Validity,Generalized commonsense rules,4,4
generalization,NM0639,Grouping Coherence,Grouping Coherence,5,5
generalization,NM0639,Generalization Fidelity,Generalization Fidelity,5,5
generalization,NM0645,Commonsense Validity,Generalized commonsense rules,5,5
generalization,NM0645,Grouping Coherence,Grouping Coherence,5,5
generalization,NM0645,Generalization Fidelity,Generalization Fidelity,5,5
generalization,NM0651,Commonsense Validity,Generalized commonsense rules,5,4
generalization,NM0651,Grouping Coherence,Grouping Coherence,5,5
generalization,NM0651,Generalization Fidelity,Generalization Fidelity,5,5
generalization,NM0652,Commonsense Validity,Generalized commonsense rules,3,3
generalization,NM0652,Grouping Coherence,Grouping Coherence,5,5
generalization,NM0652,Generalization Fidelity,Generalization Fidelity,5,5
generalization,NM0653,Commonsense Validity,Generalized commonsense rules,4,3
generalization,NM0653,Grouping Coherence,Grouping Coherence,5,5
generalization,NM0653,Generalization Fidelity,Generalization Fidelity,5,5
generalization,NM0657,Commonsense Validity,Generalized commonsense rules,4,4
generalization,NM0657,Grouping Coherence,Grouping Coherence,5,5
generalization,NM0657,Generalization Fidelity,Generalization Fidelity,5,5
generalization,NM0672,Commonsense Validity,Generalized commonsense rules,4,4
generalization,NM0672,Grouping Coherence,Grouping Coherence,5,5
generalization,NM0672,Generalization Fidelity,Generalization Fidelity,5,5
generalization,NM0680,Commonsense Validity,Generalized commonsense rules,3,3
generalization,NM0680,Grouping Coherence,Grouping Coherence,5,5
generalization,NM0680,Generalization Fidelity,Generalization Fidelity,5,5
generalization,NM0685,Commonsense Validity,Generalized commonsense rules,4,4
generalization,NM0685,Grouping Coherence,Grouping Coherence,5,5
generalization,NM0685,Generalization Fidelity,Generalization Fidelity,5,5
generalization,NM0688,Commonsense Validity,Generalized commonsense rules,3,4
generalization,NM0688,Grouping Coherence,Grouping Coherence,5,5
generalization,NM0688,Generalization Fidelity,Generalization Fidelity,5,5
generalization,NM0690,Commonsense Validity,Generalized commonsense rules,5,4
generalization,NM0690,Grouping Coherence,Grouping Coherence,5,5
generalization,NM0690,Generalization Fidelity,Generalization Fidelity,5,5
generalization,NM0693,Commonsense Validity,Generalized commonsense rules,3,3
generalization,NM0693,Grouping Coherence,Grouping Coherence,5,5
generalization,NM0693,Generalization Fidelity,Generalization Fidelity,5,5
generalization,NM0701,Commonsense Validity,Generalized commonsense rules,5,5
generalization,NM0701,Grouping Coherence,Grouping Coherence,5,5
generalization,NM0701,Generalization Fidelity,Generalization Fidelity,5,5
generalization,NM0707,Commonsense Validity,Generalized commonsense rules,5,5
generalization,NM0707,Grouping Coherence,Grouping Coherence,5,5
generalization,NM0707,Generalization Fidelity,Generalization Fidelity,5,5
generalization,NM0709,Commonsense Validity,Generalized commonsense rules,4,3
generalization,NM0709,Grouping Coherence,Grouping Coherence,5,5
generalization,NM0709,Generalization Fidelity,Generalization Fidelity,5,5
generalization,NM0717,Commonsense Validity,Generalized commonsense rules,4,4
generalization,NM0717,Grouping Coherence,Grouping Coherence,5,5
generalization,NM0717,Generalization Fidelity,Generalization Fidelity,5,5
generalization,NM0723,Commonsense Validity,Generalized commonsense rules,3,3
generalization,NM0723,Grouping Coherence,Grouping Coherence,5,5
generalization,NM0723,Generalization Fidelity,Generalization Fidelity,5,5
generalization,NM0726,Commonsense Validity,Generalized commonsense rules,4,3
generalization,NM0726,Grouping Coherence,Grouping Coherence,5,5
generalization,NM0726,Generalization Fidelity,Generalization Fidelity,5,5
generalization,NM0730,Commonsense Validity,Generalized commonsense rules,5,5
generalization,NM0730,Grouping Coherence,Grouping Coherence,5,5
generalization,NM0730,Generalization Fidelity,Generalization Fidelity,5,5
generalization,NM0744,Commonsense Validity,Generalized commonsense rules,4,4
generalization,NM0744,Grouping Coherence,Grouping Coherence,5,5
generalization,NM0744,Generalization Fidelity,Generalization Fidelity,5,5
generalization,NM0745,Commonsense Validity,Generalized commonsense rules,4,4
generalization,NM0745,Grouping Coherence,Grouping Coherence,5,5
generalization,NM0745,Generalization Fidelity,Generalization Fidelity,5,5
generalization,NM0749,Commonsense Validity,Generalized commonsense rules,3,3
generalization,NM0749,Grouping Coherence,Grouping Coherence,5,5
generalization,NM0749,Generalization Fidelity,Generalization Fidelity,5,5
generalization,NM0752,Commonsense Validity,Generalized commonsense rules,5,5
generalization,NM0752,Grouping Coherence,Grouping Coherence,5,5
generalization,NM0752,Generalization Fidelity,Generalization Fidelity,5,5
generalization,NM0755,Commonsense Validity,Generalized commonsense rules,4,5
generalization,NM0755,Grouping Coherence,Grouping Coherence,5,5
generalization,NM0755,Generalization Fidelity,Generalization Fidelity,5,5
generalization,NM0761,Commonsense Validity,Generalized commonsense rules,5,5
generalization,NM0761,Grouping Coherence,Grouping Coherence,5,5
generalization,NM0761,Generalization Fidelity,Generalization Fidelity,5,5
generalization,NM0764,Commonsense Validity,Generalized commonsense rules,4,4
generalization,NM0764,Grouping Coherence,Grouping Coherence,5,5
generalization,NM0764,Generalization Fidelity,Generalization Fidelity,5,5
generalization,NM0767,Commonsense Validity,Generalized commonsense rules,4,5
generalization,NM0767,Grouping Coherence,Grouping Coherence,5,5
generalization,NM0767,Generalization Fidelity,Generalization Fidelity,5,5
generalization,NM0776,Commonsense Validity,Generalized commonsense rules,4,5
generalization,NM0776,Grouping Coherence,Grouping Coherence,5,5
generalization,NM0776,Generalization Fidelity,Generalization Fidelity,5,5
generalization,NM0785,Commonsense Validity,Generalized commonsense rules,4,4
generalization,NM0785,Grouping Coherence,Grouping Coherence,5,5
generalization,NM0785,Generalization Fidelity,Generalization Fidelity,5,5
generalization,NM0787,Commonsense Validity,Generalized commonsense rules,3,3
generalization,NM0787,Grouping Coherence,Grouping Coherence,5,5
generalization,NM0787,Generalization Fidelity,Generalization Fidelity,5,5
generalization,NM0794,Commonsense Validity,Generalized commonsense rules,4,5
generalization,NM0794,Grouping Coherence,Grouping Coherence,5,5
generalization,NM0794,Generalization Fidelity,Generalization Fidelity,5,5
generalization,NM0795,Commonsense Validity,Generalized commonsense rules,5,5
generalization,NM0795,Grouping Coherence,Grouping Coherence,5,5
generalization,NM0795,Generalization Fidelity,Generalization Fidelity,5,5
generalization,NM0805,Commonsense Validity,Generalized commonsense rules,4,4
generalization,NM0805,Grouping Coherence,Grouping Coherence,5,5
generalization,NM0805,Generalization Fidelity,Generalization Fidelity,5,5
generalization,NM0808,Commonsense Validity,Generalized commonsense rules,4,4
generalization,NM0808,Grouping Coherence,Grouping Coherence,5,5
generalization,NM0808,Generalization Fidelity,Generalization Fidelity,5,5
generalization,NM0809,Commonsense Validity,Generalized commonsense rules,5,5
generalization,NM0809,Grouping Coherence,Grouping Coherence,5,5
generalization,NM0809,Generalization Fidelity,Generalization Fidelity,5,5
generalization,NM0813,Commonsense Validity,Generalized commonsense rules,5,5
generalization,NM0813,Grouping Coherence,Grouping Coherence,5,5
generalization,NM0813,Generalization Fidelity,Generalization Fidelity,5,5
generalization,NM0849,Commonsense Validity,Generalized commonsense rules,3,3
generalization,NM0849,Grouping Coherence,Grouping Coherence,5,5
generalization,NM0849,Generalization Fidelity,Generalization Fidelity,5,5
generalization,NM0857,Commonsense Validity,Generalized commonsense rules,5,5
generalization,NM0857,Grouping Coherence,Grouping Coherence,5,5
generalization,NM0857,Generalization Fidelity,Generalization Fidelity,5,5
generalization,NM0870,Commonsense Validity,Generalized commonsense rules,3,3
generalization,NM0870,Grouping Coherence,Grouping Coherence,5,5
generalization,NM0870,Generalization Fidelity,Generalization Fidelity,5,5
generalization,NM0881,Commonsense Validity,Generalized commonsense rules,4,4
generalization,NM0881,Grouping Coherence,Grouping Coherence,5,5
generalization,NM0881,Generalization Fidelity,Generalization Fidelity,5,5
generalization,NM0897,Commonsense Validity,Generalized commonsense rules,4,4
generalization,NM0897,Grouping Coherence,Grouping Coherence,5,5
generalization,NM0897,Generalization Fidelity,Generalization Fidelity,5,5
generalization,NM0908,Commonsense Validity,Generalized commonsense rules,4,4
generalization,NM0908,Grouping Coherence,Grouping Coherence,5,5
generalization,NM0908,Generalization Fidelity,Generalization Fidelity,5,5
generalization,NM0912,Commonsense Validity,Generalized commonsense rules,4,3
generalization,NM0912,Grouping Coherence,Grouping Coherence,5,5
generalization,NM0912,Generalization Fidelity,Generalization Fidelity,5,5
generalization,NM0916,Commonsense Validity,Generalized commonsense rules,5,5
generalization,NM0916,Grouping Coherence,Grouping Coherence,5,5
generalization,NM0916,Generalization Fidelity,Generalization Fidelity,5,5
generalization,NM0920,Commonsense Validity,Generalized commonsense rules,4,5
generalization,NM0920,Grouping Coherence,Grouping Coherence,5,5
generalization,NM0920,Generalization Fidelity,Generalization Fidelity,5,5
generalization,NM0925,Commonsense Validity,Generalized commonsense rules,3,4
generalization,NM0925,Grouping Coherence,Grouping Coherence,5,5
generalization,NM0925,Generalization Fidelity,Generalization Fidelity,5,5
generalization,NM0927,Commonsense Validity,Generalized commonsense rules,5,5
generalization,NM0927,Grouping Coherence,Grouping Coherence,5,5
generalization,NM0927,Generalization Fidelity,Generalization Fidelity,5,5
generalization,NM0930,Commonsense Validity,Generalized commonsense rules,4,4
generalization,NM0930,Grouping Coherence,Grouping Coherence,5,5
generalization,NM0930,Generalization Fidelity,Generalization Fidelity,5,5
generalization,NM0932,Commonsense Validity,Generalized commonsense rules,4,3
generalization,NM0932,Grouping Coherence,Grouping Coherence,5,5
generalization,NM0932,Generalization Fidelity,Generalization Fidelity,5,5
generalization,NM0943,Commonsense Validity,Generalized commonsense rules,5,5
generalization,NM0943,Grouping Coherence,Grouping Coherence,5,5
generalization,NM0943,Generalization Fidelity,Generalization Fidelity,5,5
generalization,NM0946,Commonsense Validity,Generalized commonsense rules,4,3
generalization,NM0946,Grouping Coherence,Grouping Coherence,5,5
generalization,NM0946,Generalization Fidelity,Generalization Fidelity,5,5
generalization,NM0954,Commonsense Validity,Generalized commonsense rules,4,4
generalization,NM0954,Grouping Coherence,Grouping Coherence,5,5
generalization,NM0954,Generalization Fidelity,Generalization Fidelity,5,5
generalization,NM0962,Commonsense Validity,Generalized commonsense rules,4,5
generalization,NM0962,Grouping Coherence,Grouping Coherence,5,5
generalization,NM0962,Generalization Fidelity,Generalization Fidelity,5,5
generalization,NM0973,Commonsense Validity,Generalized commonsense rules,4,5
generalization,NM0973,Grouping Coherence,Grouping Coherence,5,5
generalization,NM0973,Generalization Fidelity,Generalization Fidelity,5,5
generalization,NM0990,Commonsense Validity,Generalized commonsense rules,4,4
generalization,NM0990,Grouping Coherence,Grouping Coherence,5,5
generalization,NM0990,Generalization Fidelity,Generalization Fidelity,5,5
generalization,NM0991,Commonsense Validity,Generalized commonsense rules,5,5
generalization,NM0991,Grouping Coherence,Grouping Coherence,5,5
generalization,NM0991,Generalization Fidelity,Generalization Fidelity,5,5
generalization,NM0995,Commonsense Validity,Generalized commonsense rules,4,4
generalization,NM0995,Grouping Coherence,Grouping Coherence,5,5
generalization,NM0995,Generalization Fidelity,Generalization Fidelity,5,5
generalization,NM0997,Commonsense Validity,Generalized commonsense rules,4,5
generalization,NM0997,Grouping Coherence,Grouping Coherence,5,5
generalization,NM0997,Generalization Fidelity,Generalization Fidelity,5,5
generalization,NM1008,Commonsense Validity,Generalized commonsense rules,5,5
generalization,NM1008,Grouping Coherence,Grouping Coherence,5,5
generalization,NM1008,Generalization Fidelity,Generalization Fidelity,5,5
generalization,NM1048,Commonsense Validity,Generalized commonsense rules,5,5
generalization,NM1048,Grouping Coherence,Grouping Coherence,5,5
generalization,NM1048,Generalization Fidelity,Generalization Fidelity,5,5
generalization,NM1057,Commonsense Validity,Generalized commonsense rules,5,5
generalization,NM1057,Grouping Coherence,Grouping Coherence,5,5
generalization,NM1057,Generalization Fidelity,Generalization Fidelity,5,5
generalization,NM1059,Commonsense Validity,Generalized commonsense rules,3,3
generalization,NM1059,Grouping Coherence,Grouping Coherence,5,5
generalization,NM1059,Generalization Fidelity,Generalization Fidelity,5,5
generalization,NM1060,Commonsense Validity,Generalized commonsense rules,5,5
generalization,NM1060,Grouping Coherence,Grouping Coherence,5,5
generalization,NM1060,Generalization Fidelity,Generalization Fidelity,5,5
generalization,NM1070,Commonsense Validity,Generalized commonsense rules,5,5
generalization,NM1070,Grouping Coherence,Grouping Coherence,5,5
generalization,NM1070,Generalization Fidelity,Generalization Fidelity,5,5
generalization,NM1073,Commonsense Validity,Generalized commonsense rules,5,5
generalization,NM1073,Grouping Coherence,Grouping Coherence,5,5
generalization,NM1073,Generalization Fidelity,Generalization Fidelity,5,5
generalization,NM1074,Commonsense Validity,Generalized commonsense rules,5,5
generalization,NM1074,Grouping Coherence,Grouping Coherence,5,5
generalization,NM1074,Generalization Fidelity,Generalization Fidelity,5,5
generalization,NM1086,Commonsense Validity,Generalized commonsense rules,5,5
generalization,NM1086,Grouping Coherence,Grouping Coherence,5,5
generalization,NM1086,Generalization Fidelity,Generalization Fidelity,5,5
generalization,NM1089,Commonsense Validity,Generalized commonsense rules,5,5
generalization,NM1089,Grouping Coherence,Grouping Coherence,5,5
generalization,NM1089,Generalization Fidelity,Generalization Fidelity,5,5
generalization,NM1105,Commonsense Validity,Generalized commonsense rules,4,5
generalization,NM1105,Grouping Coherence,Grouping Coherence,5,5
generalization,NM1105,Generalization Fidelity,Generalization Fidelity,5,5
generalization,NM1125,Commonsense Validity,Generalized commonsense rules,5,5
generalization,NM1125,Grouping Coherence,Grouping Coherence,5,5
generalization,NM1125,Generalization Fidelity,Generalization Fidelity,5,5
generalization,NM1132,Commonsense Validity,Generalized commonsense rules,4,3
generalization,NM1132,Grouping Coherence,Grouping Coherence,5,5
generalization,NM1132,Generalization Fidelity,Generalization Fidelity,4,5
generalization,NM1139,Commonsense Validity,Generalized commonsense rules,3,4
generalization,NM1139,Grouping Coherence,Grouping Coherence,5,5
generalization,NM1139,Generalization Fidelity,Generalization Fidelity,4,5
generalization,NM1149,Commonsense Validity,Generalized commonsense rules,4,5
generalization,NM1149,Grouping Coherence,Grouping Coherence,5,5
generalization,NM1149,Generalization Fidelity,Generalization Fidelity,5,5
generalization,NM1166,Commonsense Validity,Generalized commonsense rules,5,5
generalization,NM1166,Grouping Coherence,Grouping Coherence,5,5
generalization,NM1166,Generalization Fidelity,Generalization Fidelity,5,5
